,schedule,fcj,csv,total_difference,worst_manoeuvre,worst_elm,worst_elm_difference,whiten,scaling,dtw_dist,speed_factor,heading,speed,exponent
0,P21,Belgium_Belgium_Sivery_EW_F3A_P21_21_11_07_00000002.json,Belgium_Belgium_Sivery_EW_F3A_P21_21_11_07_00000002_raw_global_0.4.csv,124.79399999999984,9,36,13.36099999999999,False,global,4022.251014733256,0.4,4.976409576067688,6.3052809800327445,0.19597612649597093
1,P21,Belgium_Belgium_Sivery_EW_F3A_P21_21_11_07_00000002.json,Belgium_Belgium_Sivery_EW_F3A_P21_21_11_07_00000002_raw_global_0.6000000000000001.csv,112.99699999999986,9,36,12.679999999999978,False,global,2753.9150712646438,0.6000000000000001,4.976409576067688,6.3052809800327445,0.19597612649597093
2,P21,Belgium_Belgium_Sivery_EW_F3A_P21_21_11_07_00000002.json,Belgium_Belgium_Sivery_EW_F3A_P21_21_11_07_00000002_raw_global_0.8.csv,107.95999999999994,9,36,11.599999999999994,False,global,2418.9266465811784,0.8,4.976409576067688,6.3052809800327445,0.19597612649597093
3,P21,Belgium_Belgium_Sivery_EW_F3A_P21_21_11_07_00000002.json,Belgium_Belgium_Sivery_EW_F3A_P21_21_11_07_00000002_raw_global_1.0.csv,109.12399999999988,9,36,11.47999999999999,False,global,2730.749364283351,1.0,4.976409576067688,6.3052809800327445,0.19597612649597093
4,P21,Belgium_Belgium_Sivery_EW_F3A_P21_21_11_07_00000002.json,Belgium_Belgium_Sivery_EW_F3A_P21_21_11_07_00000002_raw_global_1.2000000000000002.csv,121.35099999999976,9,36,11.400000000000006,False,global,3387.8210476061695,1.2000000000000002,4.976409576067688,6.3052809800327445,0.19597612649597093
5,P21,Belgium_Belgium_Sivery_EW_F3A_P21_21_11_07_00000002.json,Belgium_Belgium_Sivery_EW_F3A_P21_21_11_07_00000002_raw_global_1.4000000000000004.csv,133.08199999999988,9,36,11.36099999999999,False,global,4140.573396694285,1.4000000000000004,4.976409576067688,6.3052809800327445,0.19597612649597093
6,P21,Belgium_Belgium_Sivery_EW_F3A_P21_21_11_07_00000002.json,Belgium_Belgium_Sivery_EW_F3A_P21_21_11_07_00000002_raw_global_1.6.csv,144.97199999999998,9,36,11.0,False,global,4803.894087137267,1.6,4.976409576067688,6.3052809800327445,0.19597612649597093
7,P21,manual_F3A_P21_21_08_19_00000215.json,manual_F3A_P21_21_08_19_00000215_raw_global_0.4.csv,8956.043,dImm,68,120.72,False,global,7082.9148131986885,0.4,2.5795610766578054,6.07568022517505,0.027483381048207134
8,P21,manual_F3A_P21_21_08_19_00000215.json,manual_F3A_P21_21_08_19_00000215_raw_global_0.6000000000000001.csv,18.515999999999686,golf,52,2.0400000000000205,False,global,3771.3702383447585,0.6000000000000001,2.5795610766578054,6.07568022517505,0.027483381048207134
9,P21,manual_F3A_P21_21_08_19_00000215.json,manual_F3A_P21_21_08_19_00000215_raw_global_0.8.csv,12.674999999999706,hB,83,1.521000000000015,False,global,3064.463278697996,0.8,2.5795610766578054,6.07568022517505,0.027483381048207134
10,P21,manual_F3A_P21_21_08_19_00000215.json,manual_F3A_P21_21_08_19_00000215_raw_global_1.0.csv,9.517999999999873,hB,83,1.521000000000015,False,global,2868.0117026868625,1.0,2.5795610766578054,6.07568022517505,0.027483381048207134
11,P21,manual_F3A_P21_21_08_19_00000215.json,manual_F3A_P21_21_08_19_00000215_raw_global_1.2000000000000002.csv,14.644000000000418,aV,140,3.6000000000000227,False,global,3110.82263046342,1.2000000000000002,2.5795610766578054,6.07568022517505,0.027483381048207134
12,P21,manual_F3A_P21_21_08_19_00000215.json,manual_F3A_P21_21_08_19_00000215_raw_global_1.4000000000000004.csv,26.88100000000005,aV,140,3.6000000000000227,False,global,3635.4673624721736,1.4000000000000004,2.5795610766578054,6.07568022517505,0.027483381048207134
13,P21,manual_F3A_P21_21_08_19_00000215.json,manual_F3A_P21_21_08_19_00000215_raw_global_1.6.csv,50.16400000000005,aV,140,4.319999999999993,False,global,4259.501983045769,1.6,2.5795610766578054,6.07568022517505,0.027483381048207134
14,P21,Belgium_Belgium_Sivery_EW_F3A_P21_21_11_07_00000006.json,Belgium_Belgium_Sivery_EW_F3A_P21_21_11_07_00000006_raw_global_0.4.csv,160.64000000000053,com,118,15.200000000000045,False,global,4475.38332355904,0.4,5.57214810180447,11.92490406074172,0.2750912808054964
15,P21,Belgium_Belgium_Sivery_EW_F3A_P21_21_11_07_00000006.json,Belgium_Belgium_Sivery_EW_F3A_P21_21_11_07_00000006_raw_global_0.6000000000000001.csv,147.16100000000029,com,118,15.119000000000028,False,global,3155.9616716597056,0.6000000000000001,5.57214810180447,11.92490406074172,0.2750912808054964
16,P21,Belgium_Belgium_Sivery_EW_F3A_P21_21_11_07_00000006.json,Belgium_Belgium_Sivery_EW_F3A_P21_21_11_07_00000006_raw_global_0.8.csv,143.7950000000004,com,118,15.119000000000028,False,global,2778.7776403449175,0.8,5.57214810180447,11.92490406074172,0.2750912808054964
17,P21,Belgium_Belgium_Sivery_EW_F3A_P21_21_11_07_00000006.json,Belgium_Belgium_Sivery_EW_F3A_P21_21_11_07_00000006_raw_global_1.0.csv,145.63400000000044,com,118,14.519000000000005,False,global,3043.6167587093873,1.0,5.57214810180447,11.92490406074172,0.2750912808054964
18,P21,Belgium_Belgium_Sivery_EW_F3A_P21_21_11_07_00000006.json,Belgium_Belgium_Sivery_EW_F3A_P21_21_11_07_00000006_raw_global_1.2000000000000002.csv,153.62800000000016,com,118,14.319000000000017,False,global,3684.54344581045,1.2000000000000002,5.57214810180447,11.92490406074172,0.2750912808054964
19,P21,Belgium_Belgium_Sivery_EW_F3A_P21_21_11_07_00000006.json,Belgium_Belgium_Sivery_EW_F3A_P21_21_11_07_00000006_raw_global_1.4000000000000004.csv,163.8650000000003,com,118,14.200000000000045,False,global,4405.117527665057,1.4000000000000004,5.57214810180447,11.92490406074172,0.2750912808054964
20,P21,Belgium_Belgium_Sivery_EW_F3A_P21_21_11_07_00000006.json,Belgium_Belgium_Sivery_EW_F3A_P21_21_11_07_00000006_raw_global_1.6.csv,183.2780000000001,com,118,14.119000000000028,False,global,5075.16153800073,1.6,5.57214810180447,11.92490406074172,0.2750912808054964
21,P23,manual_F3A_P23_21_10_23_00000117.json,manual_F3A_P23_21_10_23_00000117_raw_global_0.4.csv,4030.9990000000003,hsq2,99,95.64100000000002,False,global,7908.942999602806,0.4,3.693884433707428,11.379095397632039,0.1409082973640733
22,P23,manual_F3A_P23_21_10_23_00000117.json,manual_F3A_P23_21_10_23_00000117_raw_global_0.6000000000000001.csv,47.92300000000009,hump,29,4.158999999999992,False,global,4976.945244197266,0.6000000000000001,3.693884433707428,11.379095397632039,0.1409082973640733
23,P23,manual_F3A_P23_21_10_23_00000117.json,manual_F3A_P23_21_10_23_00000117_raw_global_0.8.csv,26.651000000000295,loop,157,7.6410000000000196,False,global,4135.95534551045,0.8,3.693884433707428,11.379095397632039,0.1409082973640733
24,P23,manual_F3A_P23_21_10_23_00000117.json,manual_F3A_P23_21_10_23_00000117_raw_global_1.0.csv,14.12100000000008,imm,66,2.4809999999999945,False,global,3650.6673356761735,1.0,3.693884433707428,11.379095397632039,0.1409082973640733
25,P23,manual_F3A_P23_21_10_23_00000117.json,manual_F3A_P23_21_10_23_00000117_raw_global_1.2000000000000002.csv,23.801000000000002,loop,159,7.000999999999976,False,global,3430.3372661229773,1.2000000000000002,3.693884433707428,11.379095397632039,0.1409082973640733
26,P23,manual_F3A_P23_21_10_23_00000117.json,manual_F3A_P23_21_10_23_00000117_raw_global_1.4000000000000004.csv,37.56300000000002,loop,159,7.439999999999998,False,global,3433.45282381954,1.4000000000000004,3.693884433707428,11.379095397632039,0.1409082973640733
27,P23,manual_F3A_P23_21_10_23_00000117.json,manual_F3A_P23_21_10_23_00000117_raw_global_1.6.csv,50.722999999999836,loop,159,7.639999999999986,False,global,3572.7452162126506,1.6,3.693884433707428,11.379095397632039,0.1409082973640733
28,P23,manual_F3A_P23_21_11_02_00000137.json,manual_F3A_P23_21_11_02_00000137_raw_global_0.4.csv,856.645,loop,160,131.64,False,global,6854.435239630272,0.4,3.1093524950807625,2.27045040207536,-0.09544477824489254
29,P23,manual_F3A_P23_21_11_02_00000137.json,manual_F3A_P23_21_11_02_00000137_raw_global_0.6000000000000001.csv,31.568000000000325,loop,159,4.680000000000007,False,global,3612.2681362050566,0.6000000000000001,3.1093524950807625,2.27045040207536,-0.09544477824489254
30,P23,manual_F3A_P23_21_11_02_00000137.json,manual_F3A_P23_21_11_02_00000137_raw_global_0.8.csv,12.878000000000135,imm,66,2.1200000000000045,False,global,2771.7560937025173,0.8,3.1093524950807625,2.27045040207536,-0.09544477824489254
31,P23,manual_F3A_P23_21_11_02_00000137.json,manual_F3A_P23_21_11_02_00000137_raw_global_1.0.csv,11.360999999999976,figM,104,2.7590000000000146,False,global,2424.5113601771513,1.0,3.1093524950807625,2.27045040207536,-0.09544477824489254
32,P23,manual_F3A_P23_21_11_02_00000137.json,manual_F3A_P23_21_11_02_00000137_raw_global_1.2000000000000002.csv,13.316999999999936,figM,104,3.319000000000017,False,global,2419.2438029580644,1.2000000000000002,3.1093524950807625,2.27045040207536,-0.09544477824489254
33,P23,manual_F3A_P23_21_11_02_00000137.json,manual_F3A_P23_21_11_02_00000137_raw_global_1.4000000000000004.csv,26.436000000000078,hump,30,3.8799999999999955,False,global,2682.4035945649844,1.4000000000000004,3.1093524950807625,2.27045040207536,-0.09544477824489254
34,P23,manual_F3A_P23_21_11_02_00000137.json,manual_F3A_P23_21_11_02_00000137_raw_global_1.6.csv,44.276999999999965,hump,30,3.0,False,global,3092.7775069872755,1.6,3.1093524950807625,2.27045040207536,-0.09544477824489254
35,P21,AUS_VIC_GMAC_EW_F3A_P21_21_11_08_00000403.json,AUS_VIC_GMAC_EW_F3A_P21_21_11_08_00000403_raw_global_0.4.csv,778.567,sqL,28,32.8,False,global,5811.103409651274,0.4,4.892350895475527,1.499028296608754,0.14228060229976475
36,P21,AUS_VIC_GMAC_EW_F3A_P21_21_11_08_00000403.json,AUS_VIC_GMAC_EW_F3A_P21_21_11_08_00000403_raw_global_0.6000000000000001.csv,49.886999999999986,aV,137,5.361999999999966,False,global,4124.811472808033,0.6000000000000001,4.892350895475527,1.499028296608754,0.14228060229976475
37,P21,AUS_VIC_GMAC_EW_F3A_P21_21_11_08_00000403.json,AUS_VIC_GMAC_EW_F3A_P21_21_11_08_00000403_raw_global_0.8.csv,39.80500000000014,aV,137,5.442999999999984,False,global,3456.407041059284,0.8,4.892350895475527,1.499028296608754,0.14228060229976475
38,P21,AUS_VIC_GMAC_EW_F3A_P21_21_11_08_00000403.json,AUS_VIC_GMAC_EW_F3A_P21_21_11_08_00000403_raw_global_1.0.csv,34.5640000000001,aV,137,4.401999999999987,False,global,3261.5463064292667,1.0,4.892350895475527,1.499028296608754,0.14228060229976475
39,P21,AUS_VIC_GMAC_EW_F3A_P21_21_11_08_00000403.json,AUS_VIC_GMAC_EW_F3A_P21_21_11_08_00000403_raw_global_1.2000000000000002.csv,43.1150000000001,com,114,6.398000000000025,False,global,3394.931980955445,1.2000000000000002,4.892350895475527,1.499028296608754,0.14228060229976475
40,P21,AUS_VIC_GMAC_EW_F3A_P21_21_11_08_00000403.json,AUS_VIC_GMAC_EW_F3A_P21_21_11_08_00000403_raw_global_1.4000000000000004.csv,55.04200000000009,com,114,7.079000000000008,False,global,3709.1447988279265,1.4000000000000004,4.892350895475527,1.499028296608754,0.14228060229976475
41,P21,AUS_VIC_GMAC_EW_F3A_P21_21_11_08_00000403.json,AUS_VIC_GMAC_EW_F3A_P21_21_11_08_00000403_raw_global_1.6.csv,90.35400000000008,com,114,7.560000000000002,False,global,4143.6377306576505,1.6,4.892350895475527,1.499028296608754,0.14228060229976475
42,F21,manual_F3A_F21_21_09_01_00000015.json,manual_F3A_F21_21_09_01_00000015_raw_global_0.4.csv,7440.024,loop,122,94.31899999999996,False,global,9814.93628877546,0.4,3.3386301174862636,9.004102847959782,0.153781344236263
43,F21,manual_F3A_F21_21_09_01_00000015.json,manual_F3A_F21_21_09_01_00000015_raw_global_0.6000000000000001.csv,283.9139999999999,square,163,23.799000000000035,False,global,5745.23245150812,0.6000000000000001,3.3386301174862636,9.004102847959782,0.153781344236263
44,F21,manual_F3A_F21_21_09_01_00000015.json,manual_F3A_F21_21_09_01_00000015_raw_global_0.8.csv,251.58899999999997,square,163,23.799000000000035,False,global,4826.295983376911,0.8,3.3386301174862636,9.004102847959782,0.153781344236263
45,F21,manual_F3A_F21_21_09_01_00000015.json,manual_F3A_F21_21_09_01_00000015_raw_global_1.0.csv,210.2700000000002,square,165,20.119000000000028,False,global,4143.854681809418,1.0,3.3386301174862636,9.004102847959782,0.153781344236263
46,F21,manual_F3A_F21_21_09_01_00000015.json,manual_F3A_F21_21_09_01_00000015_raw_global_1.2000000000000002.csv,144.99200000000002,square,163,12.67900000000003,False,global,3797.606316652934,1.2000000000000002,3.3386301174862636,9.004102847959782,0.153781344236263
47,F21,manual_F3A_F21_21_09_01_00000015.json,manual_F3A_F21_21_09_01_00000015_raw_global_1.4000000000000004.csv,29.594000000000044,9,70,7.558999999999969,False,global,3504.131912468868,1.4000000000000004,3.3386301174862636,9.004102847959782,0.153781344236263
48,F21,manual_F3A_F21_21_09_01_00000015.json,manual_F3A_F21_21_09_01_00000015_raw_global_1.6.csv,44.74800000000019,9,70,7.718999999999994,False,global,3961.727538440325,1.6,3.3386301174862636,9.004102847959782,0.153781344236263
49,P23,manual_F3A_P23_21_11_02_00000134.json,manual_F3A_P23_21_11_02_00000134_raw_global_0.4.csv,1277.1119999999994,Et,88,35.35900000000001,False,global,5674.947310790594,0.4,2.768411413333399,2.0880988720461273,0.2081122198353637
50,P23,manual_F3A_P23_21_11_02_00000134.json,manual_F3A_P23_21_11_02_00000134_raw_global_0.6000000000000001.csv,28.039999999999885,loop,158,3.1189999999999714,False,global,4192.992362293618,0.6000000000000001,2.768411413333399,2.0880988720461273,0.2081122198353637
51,P23,manual_F3A_P23_21_11_02_00000134.json,manual_F3A_P23_21_11_02_00000134_raw_global_0.8.csv,15.323999999999842,Et,84,2.6399999999999864,False,global,3218.413763837656,0.8,2.768411413333399,2.0880988720461273,0.2081122198353637
52,P23,manual_F3A_P23_21_11_02_00000134.json,manual_F3A_P23_21_11_02_00000134_raw_global_1.0.csv,9.404999999999973,Et,84,2.5999999999999943,False,global,2784.6673113629586,1.0,2.768411413333399,2.0880988720461273,0.2081122198353637
53,P23,manual_F3A_P23_21_11_02_00000134.json,manual_F3A_P23_21_11_02_00000134_raw_global_1.2000000000000002.csv,9.72600000000012,Et,84,2.5600000000000023,False,global,2732.786226501783,1.2000000000000002,2.768411413333399,2.0880988720461273,0.2081122198353637
54,P23,manual_F3A_P23_21_11_02_00000134.json,manual_F3A_P23_21_11_02_00000134_raw_global_1.4000000000000004.csv,21.52200000000027,shark,146,2.6000000000000227,False,global,2970.3897641599956,1.4000000000000004,2.768411413333399,2.0880988720461273,0.2081122198353637
55,P23,manual_F3A_P23_21_11_02_00000134.json,manual_F3A_P23_21_11_02_00000134_raw_global_1.6.csv,36.12200000000013,figM,104,2.7210000000000036,False,global,3375.1531018435066,1.6,2.768411413333399,2.0880988720461273,0.2081122198353637
56,P23,manual_F3A_P23_21_10_10_00000098.json,manual_F3A_P23_21_10_10_00000098_raw_global_0.4.csv,662.43,Et,84,36.23999999999998,False,global,5154.669305497071,0.4,4.241109926767911,2.8811552424775835,0.20417723538671417
57,P23,manual_F3A_P23_21_10_10_00000098.json,manual_F3A_P23_21_10_10_00000098_raw_global_0.6000000000000001.csv,31.3690000000002,loop,158,7.639999999999986,False,global,3514.6122388800322,0.6000000000000001,4.241109926767911,2.8811552424775835,0.20417723538671417
58,P23,manual_F3A_P23_21_10_10_00000098.json,manual_F3A_P23_21_10_10_00000098_raw_global_0.8.csv,16.646000000000143,rc,59,2.3999999999999773,False,global,2770.275409615641,0.8,4.241109926767911,2.8811552424775835,0.20417723538671417
59,P23,manual_F3A_P23_21_10_10_00000098.json,manual_F3A_P23_21_10_10_00000098_raw_global_1.0.csv,14.728000000000065,rc,59,2.3589999999999804,False,global,2419.0621062904447,1.0,4.241109926767911,2.8811552424775835,0.20417723538671417
60,P23,manual_F3A_P23_21_10_10_00000098.json,manual_F3A_P23_21_10_10_00000098_raw_global_1.2000000000000002.csv,16.927999999999898,rc,59,2.3589999999999804,False,global,2419.484489008332,1.2000000000000002,4.241109926767911,2.8811552424775835,0.20417723538671417
61,P23,manual_F3A_P23_21_10_10_00000098.json,manual_F3A_P23_21_10_10_00000098_raw_global_1.4000000000000004.csv,32.97099999999991,figM,104,4.240000000000009,False,global,2679.97650639884,1.4000000000000004,4.241109926767911,2.8811552424775835,0.20417723538671417
62,P23,manual_F3A_P23_21_10_10_00000098.json,manual_F3A_P23_21_10_10_00000098_raw_global_1.6.csv,47.52199999999969,figM,104,4.317999999999984,False,global,3088.900696040933,1.6,4.241109926767911,2.8811552424775835,0.20417723538671417
63,F21,manual_F3A_F21_21_09_01_00000018.json,manual_F3A_F21_21_09_01_00000018_raw_global_0.4.csv,3618.9289999999996,hB,47,82.12099999999998,False,global,8640.87294478426,0.4,3.304467543239949,9.375948437556973,0.16072604597200574
64,F21,manual_F3A_F21_21_09_01_00000018.json,manual_F3A_F21_21_09_01_00000018_raw_global_0.6000000000000001.csv,370.4440000000001,square,165,23.319999999999993,False,global,5914.128548476543,0.6000000000000001,3.304467543239949,9.375948437556973,0.16072604597200574
65,F21,manual_F3A_F21_21_09_01_00000018.json,manual_F3A_F21_21_09_01_00000018_raw_global_0.8.csv,332.84299999999996,square,165,23.319999999999993,False,global,4971.724940017086,0.8,3.304467543239949,9.375948437556973,0.16072604597200574
66,F21,manual_F3A_F21_21_09_01_00000018.json,manual_F3A_F21_21_09_01_00000018_raw_global_1.0.csv,191.92600000000002,square,165,16.80000000000001,False,global,4234.55711830524,1.0,3.304467543239949,9.375948437556973,0.16072604597200574
67,F21,manual_F3A_F21_21_09_01_00000018.json,manual_F3A_F21_21_09_01_00000018_raw_global_1.2000000000000002.csv,200.6009999999998,square,156,14.240000000000009,False,global,3757.1015840378145,1.2000000000000002,3.304467543239949,9.375948437556973,0.16072604597200574
68,F21,manual_F3A_F21_21_09_01_00000018.json,manual_F3A_F21_21_09_01_00000018_raw_global_1.4000000000000004.csv,26.51799999999986,golf,5,3.8799999999999955,False,global,3430.968681338822,1.4000000000000004,3.304467543239949,9.375948437556973,0.16072604597200574
69,F21,manual_F3A_F21_21_09_01_00000018.json,manual_F3A_F21_21_09_01_00000018_raw_global_1.6.csv,42.520999999999965,9,70,8.321000000000026,False,global,3758.3791828848134,1.6,3.304467543239949,9.375948437556973,0.16072604597200574
70,P23,manual_F3A_P23_21_10_17_00000102.json,manual_F3A_P23_21_10_17_00000102_raw_global_0.4.csv,2951.5280000000002,loop,158,75.96000000000004,False,global,6868.118118449014,0.4,3.4756641219627133,-7.336372354063471,0.4098042867241566
71,P23,manual_F3A_P23_21_10_17_00000102.json,manual_F3A_P23_21_10_17_00000102_raw_global_0.6000000000000001.csv,92.52900000000032,loop,160,23.878999999999962,False,global,4273.217052668906,0.6000000000000001,3.4756641219627133,-7.336372354063471,0.4098042867241566
72,P23,manual_F3A_P23_21_10_17_00000102.json,manual_F3A_P23_21_10_17_00000102_raw_global_0.8.csv,78.8070000000002,loop,160,23.878999999999962,False,global,3463.0377986575436,0.8,3.4756641219627133,-7.336372354063471,0.4098042867241566
73,P23,manual_F3A_P23_21_10_17_00000102.json,manual_F3A_P23_21_10_17_00000102_raw_global_1.0.csv,75.1660000000001,loop,160,23.878999999999962,False,global,3158.2833843569933,1.0,3.4756641219627133,-7.336372354063471,0.4098042867241566
74,P23,manual_F3A_P23_21_10_17_00000102.json,manual_F3A_P23_21_10_17_00000102_raw_global_1.2000000000000002.csv,17.400999999999918,imm,66,2.4399999999999977,False,global,3065.3432562956177,1.2000000000000002,3.4756641219627133,-7.336372354063471,0.4098042867241566
75,P23,manual_F3A_P23_21_10_17_00000102.json,manual_F3A_P23_21_10_17_00000102_raw_global_1.4000000000000004.csv,24.20599999999984,imm,66,2.4399999999999977,False,global,3291.104912685767,1.4000000000000004,3.4756641219627133,-7.336372354063471,0.4098042867241566
76,P23,manual_F3A_P23_21_10_17_00000102.json,manual_F3A_P23_21_10_17_00000102_raw_global_1.6.csv,39.359999999999964,hump,30,4.719999999999999,False,global,3643.0431613696346,1.6,3.4756641219627133,-7.336372354063471,0.4098042867241566
77,P23,manual_F3A_P23_21_10_17_00000105.json,manual_F3A_P23_21_10_17_00000105_raw_global_0.4.csv,529.9499999999998,loop,160,25.959000000000003,False,global,6139.137624207425,0.4,6.294261174600109,5.992512680518647,-0.05697662195904056
78,P23,manual_F3A_P23_21_10_17_00000105.json,manual_F3A_P23_21_10_17_00000105_raw_global_0.6000000000000001.csv,32.12099999999994,loop,159,4.399999999999977,False,global,4096.318232619972,0.6000000000000001,6.294261174600109,5.992512680518647,-0.05697662195904056
79,P23,manual_F3A_P23_21_10_17_00000105.json,manual_F3A_P23_21_10_17_00000105_raw_global_0.8.csv,19.800000000000054,loop,159,2.759999999999991,False,global,3293.28454369507,0.8,6.294261174600109,5.992512680518647,-0.05697662195904056
80,P23,manual_F3A_P23_21_10_17_00000105.json,manual_F3A_P23_21_10_17_00000105_raw_global_1.0.csv,14.836999999999982,Et,84,1.8780000000000143,False,global,2942.245213495078,1.0,6.294261174600109,5.992512680518647,-0.05697662195904056
81,P23,manual_F3A_P23_21_10_17_00000105.json,manual_F3A_P23_21_10_17_00000105_raw_global_1.2000000000000002.csv,14.961000000000126,Et,84,1.8780000000000143,False,global,2905.797231039816,1.2000000000000002,6.294261174600109,5.992512680518647,-0.05697662195904056
82,P23,manual_F3A_P23_21_10_17_00000105.json,manual_F3A_P23_21_10_17_00000105_raw_global_1.4000000000000004.csv,30.759000000000164,spin,72,3.0800000000000125,False,global,3086.553553712512,1.4000000000000004,6.294261174600109,5.992512680518647,-0.05697662195904056
83,P23,manual_F3A_P23_21_10_17_00000105.json,manual_F3A_P23_21_10_17_00000105_raw_global_1.6.csv,43.27699999999995,figM,110,3.27800000000002,False,global,3394.3955499283998,1.6,6.294261174600109,5.992512680518647,-0.05697662195904056
84,P21,AUS_VIC_YVA_EW_F3A_P21_21_11_08_00000273.json,AUS_VIC_YVA_EW_F3A_P21_21_11_08_00000273_raw_global_0.4.csv,72.18100000000001,aV,140,16.875,False,global,5074.454419828749,0.4,4.653384389927792,1.5103213331028358,2.1524606163244497
85,P21,AUS_VIC_YVA_EW_F3A_P21_21_11_08_00000273.json,AUS_VIC_YVA_EW_F3A_P21_21_11_08_00000273_raw_global_0.6000000000000001.csv,28.428999999999967,9,33,1.6809999999999832,False,global,3674.3611026366525,0.6000000000000001,4.653384389927792,1.5103213331028358,2.1524606163244497
86,P21,AUS_VIC_YVA_EW_F3A_P21_21_11_08_00000273.json,AUS_VIC_YVA_EW_F3A_P21_21_11_08_00000273_raw_global_0.8.csv,18.778999999999918,rollC,88,1.9150000000000205,False,global,3042.255813264747,0.8,4.653384389927792,1.5103213331028358,2.1524606163244497
87,P21,AUS_VIC_YVA_EW_F3A_P21_21_11_08_00000273.json,AUS_VIC_YVA_EW_F3A_P21_21_11_08_00000273_raw_global_1.0.csv,8.576999999999785,9,36,1.0749999999999886,False,global,3017.126530801884,1.0,4.653384389927792,1.5103213331028358,2.1524606163244497
88,P21,AUS_VIC_YVA_EW_F3A_P21_21_11_08_00000273.json,AUS_VIC_YVA_EW_F3A_P21_21_11_08_00000273_raw_global_1.2000000000000002.csv,12.171000000000141,9,36,1.0349999999999966,False,global,3317.7530161781847,1.2000000000000002,4.653384389927792,1.5103213331028358,2.1524606163244497
89,P21,AUS_VIC_YVA_EW_F3A_P21_21_11_08_00000273.json,AUS_VIC_YVA_EW_F3A_P21_21_11_08_00000273_raw_global_1.4000000000000004.csv,32.73800000000001,com,114,4.798999999999978,False,global,3785.844701770207,1.4000000000000004,4.653384389927792,1.5103213331028358,2.1524606163244497
90,P21,AUS_VIC_YVA_EW_F3A_P21_21_11_08_00000273.json,AUS_VIC_YVA_EW_F3A_P21_21_11_08_00000273_raw_global_1.6.csv,50.06599999999992,com,114,5.0400000000000205,False,global,4305.945041081843,1.6,4.653384389927792,1.5103213331028358,2.1524606163244497
91,F21,manual_F3A_F21_21_09_15_00000051.json,manual_F3A_F21_21_09_15_00000051_raw_global_0.4.csv,252.43900000000005,square,159,19.920000000000016,False,global,6746.45683168213,0.4,3.0215453883447076,2.1884638071735942,-0.19936017994038602
92,F21,manual_F3A_F21_21_09_15_00000051.json,manual_F3A_F21_21_09_15_00000051_raw_global_0.6000000000000001.csv,257.9100000000001,square,165,21.95999999999998,False,global,4925.6722391637195,0.6000000000000001,3.0215453883447076,2.1884638071735942,-0.19936017994038602
93,F21,manual_F3A_F21_21_09_15_00000051.json,manual_F3A_F21_21_09_15_00000051_raw_global_0.8.csv,14.357000000000205,9,69,4.240000000000009,False,global,3264.7175405020494,0.8,3.0215453883447076,2.1884638071735942,-0.19936017994038602
94,F21,manual_F3A_F21_21_09_15_00000051.json,manual_F3A_F21_21_09_15_00000051_raw_global_1.0.csv,12.076999999999785,9,69,4.240000000000009,False,global,2794.0329196870684,1.0,3.0215453883447076,2.1884638071735942,-0.19936017994038602
95,F21,manual_F3A_F21_21_09_15_00000051.json,manual_F3A_F21_21_09_15_00000051_raw_global_1.2000000000000002.csv,15.798999999999843,golf,1,2.8810000000000002,False,global,2900.4147757460833,1.2000000000000002,3.0215453883447076,2.1884638071735942,-0.19936017994038602
96,F21,manual_F3A_F21_21_09_15_00000051.json,manual_F3A_F21_21_09_15_00000051_raw_global_1.4000000000000004.csv,28.6009999999998,golf,1,3.3599999999999994,False,global,3448.154202881743,1.4000000000000004,3.0215453883447076,2.1884638071735942,-0.19936017994038602
97,F21,manual_F3A_F21_21_09_15_00000051.json,manual_F3A_F21_21_09_15_00000051_raw_global_1.6.csv,47.91999999999989,9,70,4.9599999999999795,False,global,4222.905577134489,1.6,3.0215453883447076,2.1884638071735942,-0.19936017994038602
98,P21,AUS_VIC_YVA_EW_F3A_P21_21_11_08_00000460.json,AUS_VIC_YVA_EW_F3A_P21_21_11_08_00000460_raw_global_0.4.csv,3661.514,sFin,59,90.44099999999999,False,global,6620.127791000856,0.4,2.1352303272607345,0.3101816648250841,-0.22759995703199182
99,P21,AUS_VIC_YVA_EW_F3A_P21_21_11_08_00000460.json,AUS_VIC_YVA_EW_F3A_P21_21_11_08_00000460_raw_global_0.6000000000000001.csv,27.682000000000187,golf,52,2.2390000000000043,False,global,4386.491821631172,0.6000000000000001,2.1352303272607345,0.3101816648250841,-0.22759995703199182
100,P21,AUS_VIC_YVA_EW_F3A_P21_21_11_08_00000460.json,AUS_VIC_YVA_EW_F3A_P21_21_11_08_00000460_raw_global_0.8.csv,18.357000000000006,com,108,2.1200000000000045,False,global,3790.143989208562,0.8,2.1352303272607345,0.3101816648250841,-0.22759995703199182
101,P21,AUS_VIC_YVA_EW_F3A_P21_21_11_08_00000460.json,AUS_VIC_YVA_EW_F3A_P21_21_11_08_00000460_raw_global_1.0.csv,13.90899999999985,com,108,2.079999999999984,False,global,3634.756713999511,1.0,2.1352303272607345,0.3101816648250841,-0.22759995703199182
102,P21,AUS_VIC_YVA_EW_F3A_P21_21_11_08_00000460.json,AUS_VIC_YVA_EW_F3A_P21_21_11_08_00000460_raw_global_1.2000000000000002.csv,26.035999999999987,v8,1,4.839999999999996,False,global,3797.0021316365496,1.2000000000000002,2.1352303272607345,0.3101816648250841,-0.22759995703199182
103,P21,AUS_VIC_YVA_EW_F3A_P21_21_11_08_00000460.json,AUS_VIC_YVA_EW_F3A_P21_21_11_08_00000460_raw_global_1.4000000000000004.csv,47.68700000000006,aV,140,7.158999999999992,False,global,4155.325160522538,1.4000000000000004,2.1352303272607345,0.3101816648250841,-0.22759995703199182
104,P21,AUS_VIC_YVA_EW_F3A_P21_21_11_08_00000460.json,AUS_VIC_YVA_EW_F3A_P21_21_11_08_00000460_raw_global_1.6.csv,53.124999999999886,aV,140,7.199999999999989,False,global,4582.184283455526,1.6,2.1352303272607345,0.3101816648250841,-0.22759995703199182
105,P23,manual_F3A_P23_21_10_23_00000115.json,manual_F3A_P23_21_10_23_00000115_raw_global_0.4.csv,1164.912,tri,134,37.23999999999995,False,global,6229.157586610084,0.4,3.6770107438445168,9.290213180851438,0.17347215164266044
106,P23,manual_F3A_P23_21_10_23_00000115.json,manual_F3A_P23_21_10_23_00000115_raw_global_0.6000000000000001.csv,88.16099999999996,loop,160,26.52000000000004,False,global,4577.255151991301,0.6000000000000001,3.6770107438445168,9.290213180851438,0.17347215164266044
107,P23,manual_F3A_P23_21_10_23_00000115.json,manual_F3A_P23_21_10_23_00000115_raw_global_0.8.csv,31.20300000000003,hump,30,3.478999999999999,False,global,3576.437071900126,0.8,3.6770107438445168,9.290213180851438,0.17347215164266044
108,P23,manual_F3A_P23_21_10_23_00000115.json,manual_F3A_P23_21_10_23_00000115_raw_global_1.0.csv,14.401999999999894,fight,117,2.3999999999999773,False,global,3157.9248628967684,1.0,3.6770107438445168,9.290213180851438,0.17347215164266044
109,P23,manual_F3A_P23_21_10_23_00000115.json,manual_F3A_P23_21_10_23_00000115_raw_global_1.2000000000000002.csv,18.242999999999817,fight,117,2.3999999999999773,False,global,3063.0426220756226,1.2000000000000002,3.6770107438445168,9.290213180851438,0.17347215164266044
110,P23,manual_F3A_P23_21_10_23_00000115.json,manual_F3A_P23_21_10_23_00000115_raw_global_1.4000000000000004.csv,23.79600000000015,hump,30,2.6809999999999974,False,global,3195.4818069288685,1.4000000000000004,3.6770107438445168,9.290213180851438,0.17347215164266044
111,P23,manual_F3A_P23_21_10_23_00000115.json,manual_F3A_P23_21_10_23_00000115_raw_global_1.6.csv,48.847,Et,90,7.559999999999974,False,global,3495.4989804260035,1.6,3.6770107438445168,9.290213180851438,0.17347215164266044
112,P23,AUS_VIC_GMAC_EW_F3A_P23_21_11_08_00000026.json,AUS_VIC_GMAC_EW_F3A_P23_21_11_08_00000026_raw_global_0.4.csv,8820.488000000001,tri,127,135.481,False,global,8389.431706388992,0.4,4.601390386717899,5.029098720568146,0.08528327466570337
113,P23,AUS_VIC_GMAC_EW_F3A_P23_21_11_08_00000026.json,AUS_VIC_GMAC_EW_F3A_P23_21_11_08_00000026_raw_global_0.6000000000000001.csv,81.99500000000006,loop,160,23.519000000000005,False,global,5027.0518569693,0.6000000000000001,4.601390386717899,5.029098720568146,0.08528327466570337
114,P23,AUS_VIC_GMAC_EW_F3A_P23_21_11_08_00000026.json,AUS_VIC_GMAC_EW_F3A_P23_21_11_08_00000026_raw_global_0.8.csv,23.567000000000213,imm,66,2.4000000000000057,False,global,4010.112041361058,0.8,4.601390386717899,5.029098720568146,0.08528327466570337
115,P23,AUS_VIC_GMAC_EW_F3A_P23_21_11_08_00000026.json,AUS_VIC_GMAC_EW_F3A_P23_21_11_08_00000026_raw_global_1.0.csv,18.127000000000052,imm,66,2.4399999999999977,False,global,3538.3468062949937,1.0,4.601390386717899,5.029098720568146,0.08528327466570337
116,P23,AUS_VIC_GMAC_EW_F3A_P23_21_11_08_00000026.json,AUS_VIC_GMAC_EW_F3A_P23_21_11_08_00000026_raw_global_1.2000000000000002.csv,19.959999999999994,imm,66,2.4399999999999977,False,global,3404.7589223693176,1.2000000000000002,4.601390386717899,5.029098720568146,0.08528327466570337
117,P23,AUS_VIC_GMAC_EW_F3A_P23_21_11_08_00000026.json,AUS_VIC_GMAC_EW_F3A_P23_21_11_08_00000026_raw_global_1.4000000000000004.csv,23.643999999999714,imm,66,2.4000000000000057,False,global,3468.0019994247896,1.4000000000000004,4.601390386717899,5.029098720568146,0.08528327466570337
118,P23,AUS_VIC_GMAC_EW_F3A_P23_21_11_08_00000026.json,AUS_VIC_GMAC_EW_F3A_P23_21_11_08_00000026_raw_global_1.6.csv,31.68300000000005,imm,66,2.3600000000000136,False,global,3694.367470968079,1.6,4.601390386717899,5.029098720568146,0.08528327466570337
119,P21,Belgium_Belgium_Sivery_EW_F3A_P21_21_11_07_00000004.json,Belgium_Belgium_Sivery_EW_F3A_P21_21_11_07_00000004_raw_global_0.4.csv,98.47899999999979,aV,140,25.400000000000034,False,global,4898.012250652576,0.4,5.067384432787026,3.718025509173623,0.17874260699056876
120,P21,Belgium_Belgium_Sivery_EW_F3A_P21_21_11_07_00000004.json,Belgium_Belgium_Sivery_EW_F3A_P21_21_11_07_00000004_raw_global_0.6000000000000001.csv,69.16099999999994,sFin,56,8.721000000000004,False,global,3465.7364860641305,0.6000000000000001,5.067384432787026,3.718025509173623,0.17874260699056876
121,P21,Belgium_Belgium_Sivery_EW_F3A_P21_21_11_07_00000004.json,Belgium_Belgium_Sivery_EW_F3A_P21_21_11_07_00000004_raw_global_0.8.csv,61.29000000000027,sFin,56,8.681000000000012,False,global,2750.5812464093715,0.8,5.067384432787026,3.718025509173623,0.17874260699056876
122,P21,Belgium_Belgium_Sivery_EW_F3A_P21_21_11_07_00000004.json,Belgium_Belgium_Sivery_EW_F3A_P21_21_11_07_00000004_raw_global_1.0.csv,55.57400000000004,sFin,56,8.681000000000012,False,global,2662.9446381303587,1.0,5.067384432787026,3.718025509173623,0.17874260699056876
123,P21,Belgium_Belgium_Sivery_EW_F3A_P21_21_11_07_00000004.json,Belgium_Belgium_Sivery_EW_F3A_P21_21_11_07_00000004_raw_global_1.2000000000000002.csv,56.60500000000026,sFin,56,8.640000000000015,False,global,3030.8353384923494,1.2000000000000002,5.067384432787026,3.718025509173623,0.17874260699056876
124,P21,Belgium_Belgium_Sivery_EW_F3A_P21_21_11_07_00000004.json,Belgium_Belgium_Sivery_EW_F3A_P21_21_11_07_00000004_raw_global_1.4000000000000004.csv,62.004000000000204,sFin,56,8.640000000000015,False,global,3602.6029483000966,1.4000000000000004,5.067384432787026,3.718025509173623,0.17874260699056876
125,P21,Belgium_Belgium_Sivery_EW_F3A_P21_21_11_07_00000004.json,Belgium_Belgium_Sivery_EW_F3A_P21_21_11_07_00000004_raw_global_1.6.csv,79.75500000000002,sFin,56,8.640000000000015,False,global,4209.9518381991475,1.6,5.067384432787026,3.718025509173623,0.17874260699056876
126,F21,manual_F3A_F21_21_09_16_00000059.json,manual_F3A_F21_21_09_16_00000059_raw_global_0.4.csv,1712.4370000000001,square,165,55.71999999999997,False,global,7501.421579576271,0.4,3.0576848985900096,5.29674122036181,0.10412244338324544
127,F21,manual_F3A_F21_21_09_16_00000059.json,manual_F3A_F21_21_09_16_00000059_raw_global_0.6000000000000001.csv,198.07600000000008,square,155,12.439000000000021,False,global,4652.721955606374,0.6000000000000001,3.0576848985900096,5.29674122036181,0.10412244338324544
128,F21,manual_F3A_F21_21_09_16_00000059.json,manual_F3A_F21_21_09_16_00000059_raw_global_0.8.csv,19.83500000000003,v8,53,4.159999999999997,False,global,3284.3825056924543,0.8,3.0576848985900096,5.29674122036181,0.10412244338324544
129,F21,manual_F3A_F21_21_09_16_00000059.json,manual_F3A_F21_21_09_16_00000059_raw_global_1.0.csv,17.64400000000002,v8,53,4.159999999999997,False,global,2919.326573973882,1.0,3.0576848985900096,5.29674122036181,0.10412244338324544
130,F21,manual_F3A_F21_21_09_16_00000059.json,manual_F3A_F21_21_09_16_00000059_raw_global_1.2000000000000002.csv,20.079999999999956,golf,5,3.1200000000000045,False,global,3146.129199210855,1.2000000000000002,3.0576848985900096,5.29674122036181,0.10412244338324544
131,F21,manual_F3A_F21_21_09_16_00000059.json,manual_F3A_F21_21_09_16_00000059_raw_global_1.4000000000000004.csv,40.92700000000001,cub8,20,5.9210000000000065,False,global,3740.8469039579186,1.4000000000000004,3.0576848985900096,5.29674122036181,0.10412244338324544
132,F21,manual_F3A_F21_21_09_16_00000059.json,manual_F3A_F21_21_09_16_00000059_raw_global_1.6.csv,54.60899999999985,cub8,20,6.120999999999995,False,global,4450.721586624507,1.6,3.0576848985900096,5.29674122036181,0.10412244338324544
133,F23,manual_F3A_F23_21_09_23_00000077.json,manual_F3A_F23_21_09_23_00000077_raw_global_0.4.csv,1338.31,h8,79,32.16,False,global,7993.764707322461,0.4,3.0878181018976605,10.589775071066976,0.2902619297829837
134,F23,manual_F3A_F23_21_09_23_00000077.json,manual_F3A_F23_21_09_23_00000077_raw_global_0.6000000000000001.csv,37.83199999999997,h8,79,3.799999999999983,False,global,5294.321195002097,0.6000000000000001,3.0878181018976605,10.589775071066976,0.2902619297829837
135,F23,manual_F3A_F23_21_09_23_00000077.json,manual_F3A_F23_21_09_23_00000077_raw_global_0.8.csv,20.274000000000164,ft,132,3.240000000000009,False,global,4417.23132592795,0.8,3.0878181018976605,10.589775071066976,0.2902619297829837
136,F23,manual_F3A_F23_21_09_23_00000077.json,manual_F3A_F23_21_09_23_00000077_raw_global_1.0.csv,16.88000000000021,ft,132,2.6000000000000227,False,global,4054.1544846485444,1.0,3.0878181018976605,10.589775071066976,0.2902619297829837
137,F23,manual_F3A_F23_21_09_23_00000077.json,manual_F3A_F23_21_09_23_00000077_raw_global_1.2000000000000002.csv,32.68100000000018,hsql,179,7.201000000000022,False,global,4186.303772276707,1.2000000000000002,3.0878181018976605,10.589775071066976,0.2902619297829837
138,F23,manual_F3A_F23_21_09_23_00000077.json,manual_F3A_F23_21_09_23_00000077_raw_global_1.4000000000000004.csv,57.402000000000164,loop,3,9.279000000000003,False,global,4693.510724803699,1.4000000000000004,3.0878181018976605,10.589775071066976,0.2902619297829837
139,F23,manual_F3A_F23_21_09_23_00000077.json,manual_F3A_F23_21_09_23_00000077_raw_global_1.6.csv,63.11999999999998,hsql,179,8.879999999999995,False,global,5375.839634084588,1.6,3.0878181018976605,10.589775071066976,0.2902619297829837
140,P21,AUS_NSW_QMAC_1_F3A_P21_21_11_08_SL 00000429.json,AUS_NSW_QMAC_1_F3A_P21_21_11_08_SL 00000429_raw_global_0.4.csv,1130.515,sqL,24,34.001000000000005,False,global,5708.82902731543,0.4,3.0558829143660993,4.313326356414214,0.13325122387521343
141,P21,AUS_NSW_QMAC_1_F3A_P21_21_11_08_SL 00000429.json,AUS_NSW_QMAC_1_F3A_P21_21_11_08_SL 00000429_raw_global_0.6000000000000001.csv,54.67000000000047,sqL,24,5.9210000000000065,False,global,3741.845136374436,0.6000000000000001,3.0558829143660993,4.313326356414214,0.13325122387521343
142,P21,AUS_NSW_QMAC_1_F3A_P21_21_11_08_SL 00000429.json,AUS_NSW_QMAC_1_F3A_P21_21_11_08_SL 00000429_raw_global_0.8.csv,26.868000000000293,v8,2,2.960000000000001,False,global,3022.8326516236702,0.8,3.0558829143660993,4.313326356414214,0.13325122387521343
143,P21,AUS_NSW_QMAC_1_F3A_P21_21_11_08_SL 00000429.json,AUS_NSW_QMAC_1_F3A_P21_21_11_08_SL 00000429_raw_global_1.0.csv,16.03300000000013,com,108,1.7199999999999704,False,global,2729.3818345739237,1.0,3.0558829143660993,4.313326356414214,0.13325122387521343
144,P21,AUS_NSW_QMAC_1_F3A_P21_21_11_08_SL 00000429.json,AUS_NSW_QMAC_1_F3A_P21_21_11_08_SL 00000429_raw_global_1.2000000000000002.csv,18.59500000000014,com,108,1.7199999999999704,False,global,2787.473305021683,1.2000000000000002,3.0558829143660993,4.313326356414214,0.13325122387521343
145,P21,AUS_NSW_QMAC_1_F3A_P21_21_11_08_SL 00000429.json,AUS_NSW_QMAC_1_F3A_P21_21_11_08_SL 00000429_raw_global_1.4000000000000004.csv,30.67800000000002,hB,83,2.518999999999977,False,global,3078.2015140807935,1.4000000000000004,3.0558829143660993,4.313326356414214,0.13325122387521343
146,P21,AUS_NSW_QMAC_1_F3A_P21_21_11_08_SL 00000429.json,AUS_NSW_QMAC_1_F3A_P21_21_11_08_SL 00000429_raw_global_1.6.csv,41.33899999999988,com,113,4.278999999999996,False,global,3509.886428537167,1.6,3.0558829143660993,4.313326356414214,0.13325122387521343
147,P21,Belgium_Belgium_Sivery_EW_F3A_P21_21_11_07_00000005.json,Belgium_Belgium_Sivery_EW_F3A_P21_21_11_07_00000005_raw_global_0.4.csv,76.28000000000013,com,114,11.161000000000001,False,global,3983.1539544844986,0.4,5.3941968446876425,6.582004887869575,0.04308199993774223
148,P21,Belgium_Belgium_Sivery_EW_F3A_P21_21_11_07_00000005.json,Belgium_Belgium_Sivery_EW_F3A_P21_21_11_07_00000005_raw_global_0.6000000000000001.csv,65.28299999999963,com,114,11.0,False,global,2825.5313337025414,0.6000000000000001,5.3941968446876425,6.582004887869575,0.04308199993774223
149,P21,Belgium_Belgium_Sivery_EW_F3A_P21_21_11_07_00000005.json,Belgium_Belgium_Sivery_EW_F3A_P21_21_11_07_00000005_raw_global_0.8.csv,61.7599999999998,com,114,10.68100000000004,False,global,2525.4068220152963,0.8,5.3941968446876425,6.582004887869575,0.04308199993774223
150,P21,Belgium_Belgium_Sivery_EW_F3A_P21_21_11_07_00000005.json,Belgium_Belgium_Sivery_EW_F3A_P21_21_11_07_00000005_raw_global_1.0.csv,61.920999999999665,com,114,10.560000000000002,False,global,2904.7211202112862,1.0,5.3941968446876425,6.582004887869575,0.04308199993774223
151,P21,Belgium_Belgium_Sivery_EW_F3A_P21_21_11_07_00000005.json,Belgium_Belgium_Sivery_EW_F3A_P21_21_11_07_00000005_raw_global_1.2000000000000002.csv,71.5179999999996,com,114,10.600000000000023,False,global,3602.766410764586,1.2000000000000002,5.3941968446876425,6.582004887869575,0.04308199993774223
152,P21,Belgium_Belgium_Sivery_EW_F3A_P21_21_11_07_00000005.json,Belgium_Belgium_Sivery_EW_F3A_P21_21_11_07_00000005_raw_global_1.4000000000000004.csv,93.19699999999955,com,114,10.520000000000039,False,global,4352.368920711753,1.4000000000000004,5.3941968446876425,6.582004887869575,0.04308199993774223
153,P21,Belgium_Belgium_Sivery_EW_F3A_P21_21_11_07_00000005.json,Belgium_Belgium_Sivery_EW_F3A_P21_21_11_07_00000005_raw_global_1.6.csv,128.95999999999972,dImm,69,10.04000000000002,False,global,5000.540322877127,1.6,5.3941968446876425,6.582004887869575,0.04308199993774223
154,P23,AUS_VIC_GMAC_EW_F3A_P23_21_11_08_00000027.json,AUS_VIC_GMAC_EW_F3A_P23_21_11_08_00000027_raw_global_0.4.csv,1211.004,Et,86,34.83900000000003,False,global,7736.784001070113,0.4,4.5366928778030235,5.407639642435944,0.0264162601590838
155,P23,AUS_VIC_GMAC_EW_F3A_P23_21_11_08_00000027.json,AUS_VIC_GMAC_EW_F3A_P23_21_11_08_00000027_raw_global_0.6000000000000001.csv,99.14999999999993,tri,139,7.879000000000019,False,global,5875.308601900796,0.6000000000000001,4.5366928778030235,5.407639642435944,0.0264162601590838
156,P23,AUS_VIC_GMAC_EW_F3A_P23_21_11_08_00000027.json,AUS_VIC_GMAC_EW_F3A_P23_21_11_08_00000027_raw_global_0.8.csv,39.51200000000005,loop,160,9.04000000000002,False,global,4983.651677539457,0.8,4.5366928778030235,5.407639642435944,0.0264162601590838
157,P23,AUS_VIC_GMAC_EW_F3A_P23_21_11_08_00000027.json,AUS_VIC_GMAC_EW_F3A_P23_21_11_08_00000027_raw_global_1.0.csv,20.267999999999716,loop,159,2.8389999999999986,False,global,4389.223205342527,1.0,4.5366928778030235,5.407639642435944,0.0264162601590838
158,P23,AUS_VIC_GMAC_EW_F3A_P23_21_11_08_00000027.json,AUS_VIC_GMAC_EW_F3A_P23_21_11_08_00000027_raw_global_1.2000000000000002.csv,18.228999999999914,hump,30,3.521000000000001,False,global,4120.843623075071,1.2000000000000002,4.5366928778030235,5.407639642435944,0.0264162601590838
159,P23,AUS_VIC_GMAC_EW_F3A_P23_21_11_08_00000027.json,AUS_VIC_GMAC_EW_F3A_P23_21_11_08_00000027_raw_global_1.4000000000000004.csv,20.122000000000163,hump,30,3.521000000000001,False,global,4019.142048681352,1.4000000000000004,4.5366928778030235,5.407639642435944,0.0264162601590838
160,P23,AUS_VIC_GMAC_EW_F3A_P23_21_11_08_00000027.json,AUS_VIC_GMAC_EW_F3A_P23_21_11_08_00000027_raw_global_1.6.csv,30.836,hump,30,3.521000000000001,False,global,4079.82948227081,1.6,4.5366928778030235,5.407639642435944,0.0264162601590838
161,F21,manual_F3A_F21_21_09_17_00000066.json,manual_F3A_F21_21_09_17_00000066_raw_global_0.4.csv,8468.081999999999,spin,125,125.92099999999999,False,global,10758.534110309301,0.4,1.1402111413102727,6.448661457359773,0.44450771903129
162,F21,manual_F3A_F21_21_09_17_00000066.json,manual_F3A_F21_21_09_17_00000066_raw_global_0.6000000000000001.csv,310.7359999999999,square,163,21.12099999999998,False,global,5955.9373744029335,0.6000000000000001,1.1402111413102727,6.448661457359773,0.44450771903129
163,F21,manual_F3A_F21_21_09_17_00000066.json,manual_F3A_F21_21_09_17_00000066_raw_global_0.8.csv,195.40599999999986,square,163,21.12099999999998,False,global,4901.34685310836,0.8,1.1402111413102727,6.448661457359773,0.44450771903129
164,F21,manual_F3A_F21_21_09_17_00000066.json,manual_F3A_F21_21_09_17_00000066_raw_global_1.0.csv,252.3249999999997,square,163,21.12099999999998,False,global,4184.92726628391,1.0,1.1402111413102727,6.448661457359773,0.44450771903129
165,F21,manual_F3A_F21_21_09_17_00000066.json,manual_F3A_F21_21_09_17_00000066_raw_global_1.2000000000000002.csv,234.4769999999998,square,155,16.160000000000025,False,global,3537.4270729304203,1.2000000000000002,1.1402111413102727,6.448661457359773,0.44450771903129
166,F21,manual_F3A_F21_21_09_17_00000066.json,manual_F3A_F21_21_09_17_00000066_raw_global_1.4000000000000004.csv,28.68699999999997,9,69,4.920999999999992,False,global,3110.6398210122384,1.4000000000000004,1.1402111413102727,6.448661457359773,0.44450771903129
167,F21,manual_F3A_F21_21_09_17_00000066.json,manual_F3A_F21_21_09_17_00000066_raw_global_1.6.csv,40.40999999999989,9,69,5.081000000000017,False,global,3328.9000243265223,1.6,1.1402111413102727,6.448661457359773,0.44450771903129
168,P21,manual_F3A_P21_21_09_15_00000048.json,manual_F3A_P21_21_09_15_00000048_raw_global_0.4.csv,271.40200000000004,golf,49,19.919999999999987,False,global,4558.066555567133,0.4,2.4570880435388673,2.731560779509874,-0.10541458032419282
169,P21,manual_F3A_P21_21_09_15_00000048.json,manual_F3A_P21_21_09_15_00000048_raw_global_0.6000000000000001.csv,31.203000000000415,sFin,57,3.079999999999984,False,global,2986.848036583006,0.6000000000000001,2.4570880435388673,2.731560779509874,-0.10541458032419282
170,P21,manual_F3A_P21_21_09_15_00000048.json,manual_F3A_P21_21_09_15_00000048_raw_global_0.8.csv,20.078000000000387,rollC,89,3.519999999999982,False,global,2484.1348487065397,0.8,2.4570880435388673,2.731560779509874,-0.10541458032419282
171,P21,manual_F3A_P21_21_09_15_00000048.json,manual_F3A_P21_21_09_15_00000048_raw_global_1.0.csv,18.63900000000004,rollC,89,4.0,False,global,2715.3329847386653,1.0,2.4570880435388673,2.731560779509874,-0.10541458032419282
172,P21,manual_F3A_P21_21_09_15_00000048.json,manual_F3A_P21_21_09_15_00000048_raw_global_1.2000000000000002.csv,17.238999999999933,tHat,91,2.8000000000000114,False,global,3341.096293990378,1.2000000000000002,2.4570880435388673,2.731560779509874,-0.10541458032419282
173,P21,manual_F3A_P21_21_09_15_00000048.json,manual_F3A_P21_21_09_15_00000048_raw_global_1.4000000000000004.csv,51.638999999999854,aV,140,7.08099999999996,False,global,4099.5731984769245,1.4000000000000004,2.4570880435388673,2.731560779509874,-0.10541458032419282
174,P21,manual_F3A_P21_21_09_15_00000048.json,manual_F3A_P21_21_09_15_00000048_raw_global_1.6.csv,71.39699999999975,aV,140,9.440999999999974,False,global,4826.205995173521,1.6,2.4570880435388673,2.731560779509874,-0.10541458032419282
175,P21,manual_F3A_P21_21_08_04_00000162.json,manual_F3A_P21_21_08_04_00000162_raw_global_0.4.csv,4778.482000000002,sS,44,112.039,False,global,6651.7069476551005,0.4,3.113655769489914,5.261128444835633,0.07481158652168436
176,P21,manual_F3A_P21_21_08_04_00000162.json,manual_F3A_P21_21_08_04_00000162_raw_global_0.6000000000000001.csv,78.95100000000028,aV,140,23.88100000000003,False,global,4091.4861570565167,0.6000000000000001,3.113655769489914,5.261128444835633,0.07481158652168436
177,P21,manual_F3A_P21_21_08_04_00000162.json,manual_F3A_P21_21_08_04_00000162_raw_global_0.8.csv,19.046000000000227,tHat,91,3.718999999999994,False,global,2846.644203183247,0.8,3.113655769489914,5.261128444835633,0.07481158652168436
178,P21,manual_F3A_P21_21_08_04_00000162.json,manual_F3A_P21_21_08_04_00000162_raw_global_1.0.csv,14.4759999999999,tHat,91,3.6790000000000305,False,global,2474.7408142743125,1.0,3.113655769489914,5.261128444835633,0.07481158652168436
179,P21,manual_F3A_P21_21_08_04_00000162.json,manual_F3A_P21_21_08_04_00000162_raw_global_1.2000000000000002.csv,18.47799999999993,tHat,91,3.63900000000001,False,global,2525.3077307617,1.2000000000000002,3.113655769489914,5.261128444835633,0.07481158652168436
180,P21,manual_F3A_P21_21_08_04_00000162.json,manual_F3A_P21_21_08_04_00000162_raw_global_1.4000000000000004.csv,28.83700000000013,tHat,91,3.63900000000001,False,global,2825.341638359942,1.4000000000000004,3.113655769489914,5.261128444835633,0.07481158652168436
181,P21,manual_F3A_P21_21_08_04_00000162.json,manual_F3A_P21_21_08_04_00000162_raw_global_1.6.csv,41.358000000000246,tHat,91,3.63900000000001,False,global,3277.9433502314537,1.6,3.113655769489914,5.261128444835633,0.07481158652168436
182,P23,manual_F3A_P23_21_09_23_00000071.json,manual_F3A_P23_21_09_23_00000071_raw_global_0.4.csv,495.48299999999983,fight,121,23.52000000000004,False,global,6183.924253134159,0.4,2.9875522464984114,6.1265102875359005,-0.01451883349695261
183,P23,manual_F3A_P23_21_09_23_00000071.json,manual_F3A_P23_21_09_23_00000071_raw_global_0.6000000000000001.csv,28.523999999999873,loop,159,4.718999999999994,False,global,4365.71122227861,0.6000000000000001,2.9875522464984114,6.1265102875359005,-0.01451883349695261
184,P23,manual_F3A_P23_21_09_23_00000071.json,manual_F3A_P23_21_09_23_00000071_raw_global_0.8.csv,18.280999999999857,rc,64,1.7209999999999752,False,global,3522.172262372806,0.8,2.9875522464984114,6.1265102875359005,-0.01451883349695261
185,P23,manual_F3A_P23_21_09_23_00000071.json,manual_F3A_P23_21_09_23_00000071_raw_global_1.0.csv,12.7650000000001,imm,66,1.5989999999999895,False,global,3046.5329173041328,1.0,2.9875522464984114,6.1265102875359005,-0.01451883349695261
186,P23,manual_F3A_P23_21_09_23_00000071.json,manual_F3A_P23_21_09_23_00000071_raw_global_1.2000000000000002.csv,16.03899999999998,figM,104,3.0,False,global,2934.593545905896,1.2000000000000002,2.9875522464984114,6.1265102875359005,-0.01451883349695261
187,P23,manual_F3A_P23_21_09_23_00000071.json,manual_F3A_P23_21_09_23_00000071_raw_global_1.4000000000000004.csv,32.318999999999946,figM,104,3.240000000000009,False,global,3126.57540112523,1.4000000000000004,2.9875522464984114,6.1265102875359005,-0.01451883349695261
188,P23,manual_F3A_P23_21_09_23_00000071.json,manual_F3A_P23_21_09_23_00000071_raw_global_1.6.csv,47.43699999999997,Et,90,7.200000000000017,False,global,3499.4263258601736,1.6,2.9875522464984114,6.1265102875359005,-0.01451883349695261
189,P21,manual_F3A_P21_21_08_04_00000160.json,manual_F3A_P21_21_08_04_00000160_raw_global_0.4.csv,557.3179999999998,9,35,25.039999999999992,False,global,5464.248234910823,0.4,3.01925421184486,5.647966772271831,-0.09259125892984066
190,P21,manual_F3A_P21_21_08_04_00000160.json,manual_F3A_P21_21_08_04_00000160_raw_global_0.6000000000000001.csv,20.238999999999827,rollC,88,2.5600000000000023,False,global,3652.573466892396,0.6000000000000001,3.01925421184486,5.647966772271831,-0.09259125892984066
191,P21,manual_F3A_P21_21_08_04_00000160.json,manual_F3A_P21_21_08_04_00000160_raw_global_0.8.csv,10.917000000000002,rollC,89,1.879000000000019,False,global,2830.1118910541963,0.8,3.01925421184486,5.647966772271831,-0.09259125892984066
192,P21,manual_F3A_P21_21_08_04_00000160.json,manual_F3A_P21_21_08_04_00000160_raw_global_1.0.csv,8.56400000000022,rollC,89,1.7200000000000273,False,global,2488.9895428622,1.0,3.01925421184486,5.647966772271831,-0.09259125892984066
193,P21,manual_F3A_P21_21_08_04_00000160.json,manual_F3A_P21_21_08_04_00000160_raw_global_1.2000000000000002.csv,8.20500000000014,rollC,89,0.9200000000000159,False,global,2542.6656790638817,1.2000000000000002,3.01925421184486,5.647966772271831,-0.09259125892984066
194,P21,manual_F3A_P21_21_08_04_00000160.json,manual_F3A_P21_21_08_04_00000160_raw_global_1.4000000000000004.csv,19.845000000000127,aV,140,2.3600000000000136,False,global,2836.739164325488,1.4000000000000004,3.01925421184486,5.647966772271831,-0.09259125892984066
195,P21,manual_F3A_P21_21_08_04_00000160.json,manual_F3A_P21_21_08_04_00000160_raw_global_1.6.csv,45.52399999999995,aV,140,6.4010000000000105,False,global,3297.9218743993574,1.6,3.01925421184486,5.647966772271831,-0.09259125892984066
196,P21,manual_F3A_P21_21_09_15_00000052.json,manual_F3A_P21_21_09_15_00000052_raw_global_0.4.csv,45.61399999999992,golf,54,3.759999999999991,False,global,4394.48634416901,0.4,3.0683452035889562,2.8193733079418735,-0.2586029332916357
197,P21,manual_F3A_P21_21_09_15_00000052.json,manual_F3A_P21_21_09_15_00000052_raw_global_0.6000000000000001.csv,19.410999999999973,hsq,127,1.9590000000000032,False,global,3004.127471511699,0.6000000000000001,3.0683452035889562,2.8193733079418735,-0.2586029332916357
198,P21,manual_F3A_P21_21_09_15_00000052.json,manual_F3A_P21_21_09_15_00000052_raw_global_0.8.csv,11.722000000000051,hsq,127,1.9590000000000032,False,global,2246.8770176847115,0.8,3.0683452035889562,2.8193733079418735,-0.2586029332916357
199,P21,manual_F3A_P21_21_09_15_00000052.json,manual_F3A_P21_21_09_15_00000052_raw_global_1.0.csv,7.5219999999999345,hsq,127,1.9590000000000032,False,global,2127.0558961476063,1.0,3.0683452035889562,2.8193733079418735,-0.2586029332916357
200,P21,manual_F3A_P21_21_09_15_00000052.json,manual_F3A_P21_21_09_15_00000052_raw_global_1.2000000000000002.csv,13.806000000000083,hsq,127,1.9590000000000032,False,global,2447.3989005078583,1.2000000000000002,3.0683452035889562,2.8193733079418735,-0.2586029332916357
201,P21,manual_F3A_P21_21_09_15_00000052.json,manual_F3A_P21_21_09_15_00000052_raw_global_1.4000000000000004.csv,41.76600000000021,aV,140,9.199000000000012,False,global,3032.432648057762,1.4000000000000004,3.0683452035889562,2.8193733079418735,-0.2586029332916357
202,P21,manual_F3A_P21_21_09_15_00000052.json,manual_F3A_P21_21_09_15_00000052_raw_global_1.6.csv,60.31900000000044,aV,140,9.920000000000016,False,global,3668.208716779416,1.6,3.0683452035889562,2.8193733079418735,-0.2586029332916357
203,P21,manual_F3A_P21_21_08_19_00000222.json,manual_F3A_P21_21_08_19_00000222_raw_global_0.4.csv,911.433,sqL,24,38.71900000000001,False,global,5655.07679251506,0.4,2.5611865998859935,7.658995394079087,0.03233413912424904
204,P21,manual_F3A_P21_21_08_19_00000222.json,manual_F3A_P21_21_08_19_00000222_raw_global_0.6000000000000001.csv,22.82399999999994,golf,52,2.719999999999999,False,global,3832.040796741067,0.6000000000000001,2.5611865998859935,7.658995394079087,0.03233413912424904
205,P21,manual_F3A_P21_21_08_19_00000222.json,manual_F3A_P21_21_08_19_00000222_raw_global_0.8.csv,13.186999999999827,rollC,89,1.7590000000000146,False,global,3020.3886284965884,0.8,2.5611865998859935,7.658995394079087,0.03233413912424904
206,P21,manual_F3A_P21_21_08_19_00000222.json,manual_F3A_P21_21_08_19_00000222_raw_global_1.0.csv,8.960000000000022,rollC,88,1.3199999999999932,False,global,2645.1359345073265,1.0,2.5611865998859935,7.658995394079087,0.03233413912424904
207,P21,manual_F3A_P21_21_08_19_00000222.json,manual_F3A_P21_21_08_19_00000222_raw_global_1.2000000000000002.csv,9.327999999999918,9,33,1.1599999999999966,False,global,2617.4986378730932,1.2000000000000002,2.5611865998859935,7.658995394079087,0.03233413912424904
208,P21,manual_F3A_P21_21_08_19_00000222.json,manual_F3A_P21_21_08_19_00000222_raw_global_1.4000000000000004.csv,31.377999999999993,aV,140,9.238999999999976,False,global,2844.9027439128895,1.4000000000000004,2.5611865998859935,7.658995394079087,0.03233413912424904
209,P21,manual_F3A_P21_21_08_19_00000222.json,manual_F3A_P21_21_08_19_00000222_raw_global_1.6.csv,41.934000000000125,aV,140,9.278999999999996,False,global,3266.707405405944,1.6,2.5611865998859935,7.658995394079087,0.03233413912424904
210,P23,Canada_Alberta_Calgary_SCRCMC E-W_F3A_P23_21_11_08_00000077.json,Canada_Alberta_Calgary_SCRCMC E-W_F3A_P23_21_11_08_00000077_raw_global_0.4.csv,2192.5879999999997,hsq2,102,47.80099999999999,False,global,6468.92817003989,0.4,3.855606430783702,3.94068812245794,0.05151725309200286
211,P23,Canada_Alberta_Calgary_SCRCMC E-W_F3A_P23_21_11_08_00000077.json,Canada_Alberta_Calgary_SCRCMC E-W_F3A_P23_21_11_08_00000077_raw_global_0.6000000000000001.csv,684.8879999999999,loop,160,44.35999999999996,False,global,4282.696578139912,0.6000000000000001,3.855606430783702,3.94068812245794,0.05151725309200286
212,P23,Canada_Alberta_Calgary_SCRCMC E-W_F3A_P23_21_11_08_00000077.json,Canada_Alberta_Calgary_SCRCMC E-W_F3A_P23_21_11_08_00000077_raw_global_0.8.csv,63.68100000000008,loop,160,22.880999999999972,False,global,3040.0924756033114,0.8,3.855606430783702,3.94068812245794,0.05151725309200286
213,P23,Canada_Alberta_Calgary_SCRCMC E-W_F3A_P23_21_11_08_00000077.json,Canada_Alberta_Calgary_SCRCMC E-W_F3A_P23_21_11_08_00000077_raw_global_1.0.csv,8.065999999999974,shark,156,1.3599999999999568,False,global,2538.9804936427267,1.0,3.855606430783702,3.94068812245794,0.05151725309200286
214,P23,Canada_Alberta_Calgary_SCRCMC E-W_F3A_P23_21_11_08_00000077.json,Canada_Alberta_Calgary_SCRCMC E-W_F3A_P23_21_11_08_00000077_raw_global_1.2000000000000002.csv,11.251999999999914,shark,156,1.2799999999999727,False,global,2596.022613496694,1.2000000000000002,3.855606430783702,3.94068812245794,0.05151725309200286
215,P23,Canada_Alberta_Calgary_SCRCMC E-W_F3A_P23_21_11_08_00000077.json,Canada_Alberta_Calgary_SCRCMC E-W_F3A_P23_21_11_08_00000077_raw_global_1.4000000000000004.csv,21.988999999999937,Et,86,1.8379999999999939,False,global,2886.0178334224893,1.4000000000000004,3.855606430783702,3.94068812245794,0.05151725309200286
216,P23,Canada_Alberta_Calgary_SCRCMC E-W_F3A_P23_21_11_08_00000077.json,Canada_Alberta_Calgary_SCRCMC E-W_F3A_P23_21_11_08_00000077_raw_global_1.6.csv,34.486000000000104,hB,78,1.9170000000000016,False,global,3239.714339350248,1.6,3.855606430783702,3.94068812245794,0.05151725309200286
217,P21,manual_F3A_P21_21_09_13_00000022.json,manual_F3A_P21_21_09_13_00000022_raw_global_0.4.csv,52.99599999999995,stall,15,5.799999999999997,False,global,4606.576975553481,0.4,5.365340369943004,6.073286054090612,0.4549039054697209
218,P21,manual_F3A_P21_21_09_13_00000022.json,manual_F3A_P21_21_09_13_00000022_raw_global_0.6000000000000001.csv,18.556999999999974,rollC,89,1.6790000000000305,False,global,3164.4390064380773,0.6000000000000001,5.365340369943004,6.073286054090612,0.4549039054697209
219,P21,manual_F3A_P21_21_09_13_00000022.json,manual_F3A_P21_21_09_13_00000022_raw_global_0.8.csv,8.627999999999915,hsq,127,1.63900000000001,False,global,2486.9936850972676,0.8,5.365340369943004,6.073286054090612,0.4549039054697209
220,P21,manual_F3A_P21_21_09_13_00000022.json,manual_F3A_P21_21_09_13_00000022_raw_global_1.0.csv,7.760000000000076,hsq,127,1.63900000000001,False,global,2416.952803238659,1.0,5.365340369943004,6.073286054090612,0.4549039054697209
221,P21,manual_F3A_P21_21_09_13_00000022.json,manual_F3A_P21_21_09_13_00000022_raw_global_1.2000000000000002.csv,17.749999999999922,sFin,57,2.5999999999999943,False,global,2780.0279672708775,1.2000000000000002,5.365340369943004,6.073286054090612,0.4549039054697209
222,P21,manual_F3A_P21_21_09_13_00000022.json,manual_F3A_P21_21_09_13_00000022_raw_global_1.4000000000000004.csv,31.556000000000083,rollC,88,4.838999999999999,False,global,3345.9122351855294,1.4000000000000004,5.365340369943004,6.073286054090612,0.4549039054697209
223,P21,manual_F3A_P21_21_09_13_00000022.json,manual_F3A_P21_21_09_13_00000022_raw_global_1.6.csv,55.64100000000009,com,113,4.439999999999998,False,global,3962.9719110691535,1.6,5.365340369943004,6.073286054090612,0.4549039054697209
224,P21,manual_F3A_P21_21_11_07_00000009.json,manual_F3A_P21_21_11_07_00000009_raw_global_0.4.csv,201.0399999999999,hB,86,16.999000000000024,False,global,3647.827111549165,0.4,2.543540599366796,6.757851788404054,0.04371303993270332
225,P21,manual_F3A_P21_21_11_07_00000009.json,manual_F3A_P21_21_11_07_00000009_raw_global_0.6000000000000001.csv,194.18200000000007,hB,86,16.878000000000043,False,global,2735.282815540981,0.6000000000000001,2.543540599366796,6.757851788404054,0.04371303993270332
226,P21,manual_F3A_P21_21_11_07_00000009.json,manual_F3A_P21_21_11_07_00000009_raw_global_0.8.csv,195.43300000000002,hB,86,15.838000000000022,False,global,2723.9874221085606,0.8,2.543540599366796,6.757851788404054,0.04371303993270332
227,P21,manual_F3A_P21_21_11_07_00000009.json,manual_F3A_P21_21_11_07_00000009_raw_global_1.0.csv,188.0310000000001,hB,86,15.798000000000002,False,global,3321.9055215804156,1.0,2.543540599366796,6.757851788404054,0.04371303993270332
228,P21,manual_F3A_P21_21_11_07_00000009.json,manual_F3A_P21_21_11_07_00000009_raw_global_1.2000000000000002.csv,193.58500000000012,hB,86,15.598000000000013,False,global,4134.83959078402,1.2000000000000002,2.543540599366796,6.757851788404054,0.04371303993270332
229,P21,manual_F3A_P21_21_11_07_00000009.json,manual_F3A_P21_21_11_07_00000009_raw_global_1.4000000000000004.csv,202.28400000000008,hB,86,15.559000000000026,False,global,4908.604643493998,1.4000000000000004,2.543540599366796,6.757851788404054,0.04371303993270332
230,P21,manual_F3A_P21_21_11_07_00000009.json,manual_F3A_P21_21_11_07_00000009_raw_global_1.6.csv,239.26199999999997,hB,86,15.398000000000025,False,global,5585.256131481104,1.6,2.543540599366796,6.757851788404054,0.04371303993270332
231,F21,manual_F3A_F21_21_09_16_00000057.json,manual_F3A_F21_21_09_16_00000057_raw_global_0.4.csv,729.6199999999999,8loop,116,36.60000000000002,False,global,6662.244934224467,0.4,3.188272973209151,4.640502022754793,0.012847642137254513
232,F21,manual_F3A_F21_21_09_16_00000057.json,manual_F3A_F21_21_09_16_00000057_raw_global_0.6000000000000001.csv,236.19499999999977,square,165,21.040999999999997,False,global,5061.113930443408,0.6000000000000001,3.188272973209151,4.640502022754793,0.012847642137254513
233,F21,manual_F3A_F21_21_09_16_00000057.json,manual_F3A_F21_21_09_16_00000057_raw_global_0.8.csv,240.27499999999992,square,165,21.040999999999997,False,global,4117.392002397423,0.8,3.188272973209151,4.640502022754793,0.012847642137254513
234,F21,manual_F3A_F21_21_09_16_00000057.json,manual_F3A_F21_21_09_16_00000057_raw_global_1.0.csv,32.196999999999804,square,165,4.841000000000008,False,global,3229.6306575025083,1.0,3.188272973209151,4.640502022754793,0.012847642137254513
235,F21,manual_F3A_F21_21_09_16_00000057.json,manual_F3A_F21_21_09_16_00000057_raw_global_1.2000000000000002.csv,35.68300000000008,square,165,4.841000000000008,False,global,3362.139863022239,1.2000000000000002,3.188272973209151,4.640502022754793,0.012847642137254513
236,F21,manual_F3A_F21_21_09_16_00000057.json,manual_F3A_F21_21_09_16_00000057_raw_global_1.4000000000000004.csv,46.246000000000095,9,69,6.081999999999994,False,global,3789.030771166394,1.4000000000000004,3.188272973209151,4.640502022754793,0.012847642137254513
237,F21,manual_F3A_F21_21_09_16_00000057.json,manual_F3A_F21_21_09_16_00000057_raw_global_1.6.csv,77.52200000000033,stall,68,7.441000000000031,False,global,4498.193739442316,1.6,3.188272973209151,4.640502022754793,0.012847642137254513
238,P21,manual_F3A_P21_21_08_19_00000223.json,manual_F3A_P21_21_08_19_00000223_raw_global_0.4.csv,778.4040000000002,dImm,78,30.160999999999973,False,global,5348.488795401237,0.4,2.4939667200810223,9.008206213625611,0.15191040995569696
239,P21,manual_F3A_P21_21_08_19_00000223.json,manual_F3A_P21_21_08_19_00000223_raw_global_0.6000000000000001.csv,22.246999999999893,aV,137,2.200999999999965,False,global,3612.272430045388,0.6000000000000001,2.4939667200810223,9.008206213625611,0.15191040995569696
240,P21,manual_F3A_P21_21_08_19_00000223.json,manual_F3A_P21_21_08_19_00000223_raw_global_0.8.csv,13.278000000000034,rollC,87,1.920000000000016,False,global,2869.4352018801414,0.8,2.4939667200810223,9.008206213625611,0.15191040995569696
241,P21,manual_F3A_P21_21_08_19_00000223.json,manual_F3A_P21_21_08_19_00000223_raw_global_1.0.csv,10.402999999999963,rollC,88,2.3210000000000264,False,global,2543.1629736057903,1.0,2.4939667200810223,9.008206213625611,0.15191040995569696
242,P21,manual_F3A_P21_21_08_19_00000223.json,manual_F3A_P21_21_08_19_00000223_raw_global_1.2000000000000002.csv,20.318000000000026,aV,140,4.439999999999998,False,global,2541.9799998044305,1.2000000000000002,2.4939667200810223,9.008206213625611,0.15191040995569696
243,P21,manual_F3A_P21_21_08_19_00000223.json,manual_F3A_P21_21_08_19_00000223_raw_global_1.4000000000000004.csv,27.79700000000001,aV,140,5.079000000000008,False,global,2805.0568562028247,1.4000000000000004,2.4939667200810223,9.008206213625611,0.15191040995569696
244,P21,manual_F3A_P21_21_08_19_00000223.json,manual_F3A_P21_21_08_19_00000223_raw_global_1.6.csv,52.48100000000024,aV,140,8.879999999999995,False,global,3232.336040170719,1.6,2.4939667200810223,9.008206213625611,0.15191040995569696
245,P23,manual_F3A_P23_21_10_23_00000114.json,manual_F3A_P23_21_10_23_00000114_raw_global_0.4.csv,5359.973,hsq2,102,89.80099999999999,False,global,7235.701878971168,0.4,3.728433759862943,8.219368178705105,0.13995281292471373
246,P23,manual_F3A_P23_21_10_23_00000114.json,manual_F3A_P23_21_10_23_00000114_raw_global_0.6000000000000001.csv,65.96699999999987,loop,158,12.0,False,global,4468.373210873816,0.6000000000000001,3.728433759862943,8.219368178705105,0.13995281292471373
247,P23,manual_F3A_P23_21_10_23_00000114.json,manual_F3A_P23_21_10_23_00000114_raw_global_0.8.csv,22.97100000000006,loop,159,4.240000000000009,False,global,3599.5311245080115,0.8,3.728433759862943,8.219368178705105,0.13995281292471373
248,P23,manual_F3A_P23_21_10_23_00000114.json,manual_F3A_P23_21_10_23_00000114_raw_global_1.0.csv,13.530000000000157,imm,66,2.320999999999998,False,global,3198.352189327814,1.0,3.728433759862943,8.219368178705105,0.13995281292471373
249,P23,manual_F3A_P23_21_10_23_00000114.json,manual_F3A_P23_21_10_23_00000114_raw_global_1.2000000000000002.csv,16.169000000000196,imm,66,2.320999999999998,False,global,3131.1485594804467,1.2000000000000002,3.728433759862943,8.219368178705105,0.13995281292471373
250,P23,manual_F3A_P23_21_10_23_00000114.json,manual_F3A_P23_21_10_23_00000114_raw_global_1.4000000000000004.csv,33.83700000000017,imm,66,2.320999999999998,False,global,3296.0682701006217,1.4000000000000004,3.728433759862943,8.219368178705105,0.13995281292471373
251,P23,manual_F3A_P23_21_10_23_00000114.json,manual_F3A_P23_21_10_23_00000114_raw_global_1.6.csv,51.9610000000002,hump,30,5.081000000000003,False,global,3601.245434462511,1.6,3.728433759862943,8.219368178705105,0.13995281292471373
252,P23,AUS_VIC_GMAC_EW_F3A_P23_21_11_08_00000021.json,AUS_VIC_GMAC_EW_F3A_P23_21_11_08_00000021_raw_global_0.4.csv,1634.7940000000003,loop,160,42.08000000000004,False,global,7629.173977171921,0.4,5.082260674221459,-3.5866455068946825,4.591057771928016
253,P23,AUS_VIC_GMAC_EW_F3A_P23_21_11_08_00000021.json,AUS_VIC_GMAC_EW_F3A_P23_21_11_08_00000021_raw_global_0.6000000000000001.csv,138.7049999999998,loop,160,27.160000000000025,False,global,5500.84890605739,0.6000000000000001,5.082260674221459,-3.5866455068946825,4.591057771928016
254,P23,AUS_VIC_GMAC_EW_F3A_P23_21_11_08_00000021.json,AUS_VIC_GMAC_EW_F3A_P23_21_11_08_00000021_raw_global_0.8.csv,81.01100000000002,loop,160,27.08000000000004,False,global,4750.440513782772,0.8,5.082260674221459,-3.5866455068946825,4.591057771928016
255,P23,AUS_VIC_GMAC_EW_F3A_P23_21_11_08_00000021.json,AUS_VIC_GMAC_EW_F3A_P23_21_11_08_00000021_raw_global_1.0.csv,72.52800000000016,loop,160,27.08000000000004,False,global,4139.547185002176,1.0,5.082260674221459,-3.5866455068946825,4.591057771928016
256,P23,AUS_VIC_GMAC_EW_F3A_P23_21_11_08_00000021.json,AUS_VIC_GMAC_EW_F3A_P23_21_11_08_00000021_raw_global_1.2000000000000002.csv,11.756999999999934,rc,62,2.039999999999992,False,global,3594.508310933877,1.2000000000000002,5.082260674221459,-3.5866455068946825,4.591057771928016
257,P23,AUS_VIC_GMAC_EW_F3A_P23_21_11_08_00000021.json,AUS_VIC_GMAC_EW_F3A_P23_21_11_08_00000021_raw_global_1.4000000000000004.csv,14.278000000000233,rc,61,1.3999999999999915,False,global,3401.0599288310423,1.4000000000000004,5.082260674221459,-3.5866455068946825,4.591057771928016
258,P23,AUS_VIC_GMAC_EW_F3A_P23_21_11_08_00000021.json,AUS_VIC_GMAC_EW_F3A_P23_21_11_08_00000021_raw_global_1.6.csv,22.43900000000009,tophat,1,2.160999999999998,False,global,3335.1112196118565,1.6,5.082260674221459,-3.5866455068946825,4.591057771928016
259,P21,AUS_VIC_YVA_EW_F3A_P21_21_11_08_00000274.json,AUS_VIC_YVA_EW_F3A_P21_21_11_08_00000274_raw_global_0.4.csv,5038.301,sFin,59,104.24000000000001,False,global,7429.625463872777,0.4,4.916768131231864,2.0558887495375906,0.9545700434892876
260,P21,AUS_VIC_YVA_EW_F3A_P21_21_11_08_00000274.json,AUS_VIC_YVA_EW_F3A_P21_21_11_08_00000274_raw_global_0.6000000000000001.csv,38.0000000000001,aV,137,3.316000000000031,False,global,4380.768087742913,0.6000000000000001,4.916768131231864,2.0558887495375906,0.9545700434892876
261,P21,AUS_VIC_YVA_EW_F3A_P21_21_11_08_00000274.json,AUS_VIC_YVA_EW_F3A_P21_21_11_08_00000274_raw_global_0.8.csv,17.963000000000186,4pt,120,1.4800000000000182,False,global,3497.496449864688,0.8,4.916768131231864,2.0558887495375906,0.9545700434892876
262,P21,AUS_VIC_YVA_EW_F3A_P21_21_11_08_00000274.json,AUS_VIC_YVA_EW_F3A_P21_21_11_08_00000274_raw_global_1.0.csv,12.994000000000327,rollC,88,1.6800000000000068,False,global,3012.7221944736193,1.0,4.916768131231864,2.0558887495375906,0.9545700434892876
263,P21,AUS_VIC_YVA_EW_F3A_P21_21_11_08_00000274.json,AUS_VIC_YVA_EW_F3A_P21_21_11_08_00000274_raw_global_1.2000000000000002.csv,13.996999999999897,4pt,120,1.4800000000000182,False,global,2853.5903992084136,1.2000000000000002,4.916768131231864,2.0558887495375906,0.9545700434892876
264,P21,AUS_VIC_YVA_EW_F3A_P21_21_11_08_00000274.json,AUS_VIC_YVA_EW_F3A_P21_21_11_08_00000274_raw_global_1.4000000000000004.csv,18.170000000000154,4pt,120,1.5190000000000055,False,global,2941.734035000219,1.4000000000000004,4.916768131231864,2.0558887495375906,0.9545700434892876
265,P21,AUS_VIC_YVA_EW_F3A_P21_21_11_08_00000274.json,AUS_VIC_YVA_EW_F3A_P21_21_11_08_00000274_raw_global_1.6.csv,27.53600000000011,hB,83,2.8810000000000002,False,global,3201.7937810809103,1.6,4.916768131231864,2.0558887495375906,0.9545700434892876
266,P21,manual_F3A_P21_21_09_01_00000009.json,manual_F3A_P21_21_09_01_00000009_raw_global_0.4.csv,216.99199999999982,aV,140,29.319000000000017,False,global,5438.049679093167,0.4,3.4551099649634893,6.757879744429443,0.04370326491898398
267,P21,manual_F3A_P21_21_09_01_00000009.json,manual_F3A_P21_21_09_01_00000009_raw_global_0.6000000000000001.csv,24.60000000000013,golf,52,2.1610000000000014,False,global,3581.561063920459,0.6000000000000001,3.4551099649634893,6.757879744429443,0.04370326491898398
268,P21,manual_F3A_P21_21_09_01_00000009.json,manual_F3A_P21_21_09_01_00000009_raw_global_0.8.csv,13.510999999999854,golf,52,2.122000000000014,False,global,2864.73689623891,0.8,3.4551099649634893,6.757879744429443,0.04370326491898398
269,P21,manual_F3A_P21_21_09_01_00000009.json,manual_F3A_P21_21_09_01_00000009_raw_global_1.0.csv,10.56300000000001,rollC,89,1.7210000000000036,False,global,2564.392201024291,1.0,3.4551099649634893,6.757879744429443,0.04370326491898398
270,P21,manual_F3A_P21_21_09_01_00000009.json,manual_F3A_P21_21_09_01_00000009_raw_global_1.2000000000000002.csv,12.28900000000015,hB,83,1.8000000000000114,False,global,2666.9267573005955,1.2000000000000002,3.4551099649634893,6.757879744429443,0.04370326491898398
271,P21,manual_F3A_P21_21_09_01_00000009.json,manual_F3A_P21_21_09_01_00000009_raw_global_1.4000000000000004.csv,30.07700000000004,aV,140,8.877999999999986,False,global,3021.635375034178,1.4000000000000004,3.4551099649634893,6.757879744429443,0.04370326491898398
272,P21,manual_F3A_P21_21_09_01_00000009.json,manual_F3A_P21_21_09_01_00000009_raw_global_1.6.csv,43.68100000000019,aV,140,9.038000000000011,False,global,3516.534492301365,1.6,3.4551099649634893,6.757879744429443,0.04370326491898398
273,F23,manual_F3A_F23_21_10_10_00000097.json,manual_F3A_F23_21_10_10_00000097_raw_global_0.4.csv,1459.8020000000001,h8,80,54.19999999999996,False,global,8402.075605923137,0.4,4.890833753644763,2.635629400225109,-0.04374540111323953
274,F23,manual_F3A_F23_21_10_10_00000097.json,manual_F3A_F23_21_10_10_00000097_raw_global_0.6000000000000001.csv,466.552,av,180,31.319999999999993,False,global,6535.477767527648,0.6000000000000001,4.890833753644763,2.635629400225109,-0.04374540111323953
275,F23,manual_F3A_F23_21_10_10_00000097.json,manual_F3A_F23_21_10_10_00000097_raw_global_0.8.csv,33.51399999999993,av,185,7.439999999999941,False,global,5147.315094804947,0.8,4.890833753644763,2.635629400225109,-0.04374540111323953
276,F23,manual_F3A_F23_21_10_10_00000097.json,manual_F3A_F23_21_10_10_00000097_raw_global_1.0.csv,22.52000000000016,av,185,6.71999999999997,False,global,4374.147164885753,1.0,4.890833753644763,2.635629400225109,-0.04374540111323953
277,F23,manual_F3A_F23_21_10_10_00000097.json,manual_F3A_F23_21_10_10_00000097_raw_global_1.2000000000000002.csv,28.20800000000029,av,185,6.67999999999995,False,global,3983.611364214944,1.2000000000000002,4.890833753644763,2.635629400225109,-0.04374540111323953
278,F23,manual_F3A_F23_21_10_10_00000097.json,manual_F3A_F23_21_10_10_00000097_raw_global_1.4000000000000004.csv,35.27699999999995,av,185,6.67999999999995,False,global,3937.8687390391065,1.4000000000000004,4.890833753644763,2.635629400225109,-0.04374540111323953
279,F23,manual_F3A_F23_21_10_10_00000097.json,manual_F3A_F23_21_10_10_00000097_raw_global_1.6.csv,49.91900000000014,av,185,6.67999999999995,False,global,4263.959597760968,1.6,4.890833753644763,2.635629400225109,-0.04374540111323953
