,t,dt,x,y,z,rw,rx,ry,rz,u,v,w,p,q,r,du,dv,dw,dp,dq,dr
0.0,386.334667,0.03933399999999665,50.561906823578916,-3.552713678800501e-15,3.552713678800501e-15,-0.4654891541199936,0.536453882216625,0.5654722686801713,-0.41925928236373533,26.594491502437414,-1.4598740842970894,1.774191234896609,-0.0021036127582192,-0.4537378847599029,0.0124371154233813,8.041143417358398,-6.6834869384765625,5.481605529785156,0.5916324797617617,-4.097584449579107,0.17037877796693116
0.03892999999999347,386.373597,0.03946449999997981,50.47162881367661,1.0638342659379418,0.130595282568434,-0.4588274108816319,0.5316338990128562,0.5706794112875431,-0.4256382122704012,26.647716362841102,-1.4894656142390117,1.556368539367595,0.0197413172572851,-0.6171826124191284,0.0158376600593328,7.872169971466064,-6.36736536026001,9.087786674499512,-0.0156504588131654,-3.131343972554818,0.12413764486197863
0.07892899999995961,386.413596,0.040472999999991544,50.363252534158235,2.1273148058915474,0.2561926528846339,-0.45080508747869047,0.5259486710707797,0.5767519618473533,-0.43302427975912866,26.700573352302687,-1.511681140012814,1.4044078880695974,-0.0033388878218829,-0.7008917331695557,0.0222351755946874,7.840976238250732,-6.41949987411499,13.525331497192385,-1.3428635342439728,-0.5414769691508191,0.06521655764317329
0.11987599999997656,386.454543,0.04103050000000508,50.23045041124233,3.1896980026997532,0.3754857053981855,-0.44202513358123185,0.5208464596272129,0.5832315114728045,-0.43951546271960806,26.744717995753067,-1.5464204301870312,1.3812478479245218,-0.0889581143856048,-0.6610130071640015,0.021116679534316,7.729235172271728,-6.328042507171631,16.259246826171875,-0.41475368321849826,1.2816905283859217,0.24930870110543826
0.16098999999996977,386.495657,0.04029950000000326,50.06560233159094,4.252716124066978,0.4898495752516361,-0.43395495538089657,0.5163652265320158,0.5887094417692127,-0.44550120790129555,26.793953729474758,-1.5677150159436604,1.4968689520084553,-0.0373739898204803,-0.5957149267196655,0.0426936969161033,7.8901824951171875,-5.55779504776001,17.392677307128906,0.6880507971873412,1.6155721419521747,0.4444077109389136
0.20047499999998308,386.535142,0.039228500000007216,49.868157853507924,5.315509156326048,0.5978784615362631,-0.4266176414442855,0.5122989921013505,0.5932330838052137,-0.45124468510204035,26.8441490693892,-1.6057298569884657,1.671936804264826,-0.0335019081830978,-0.5307995080947876,0.0569354966282844,7.825303554534912,-5.691244125366211,16.632400512695312,-0.23605920167272895,1.6431849678400516,0.17083848840223226
0.2394469999999842,386.574114,0.03924699999998893,49.64365090513776,6.3751600216868916,0.6971162246190525,-0.4197623114468114,0.5089989351568397,0.5972679315709524,-0.45605988717143225,26.89482601573225,-1.6534637392783997,1.854450892062978,-0.055894486606121,-0.4667955636978149,0.0560971722006797,7.787980079650879,-5.701050758361816,14.886548042297363,-0.6794162747828272,1.1210167068106316,-0.0759045339698242
0.27896899999996094,386.613636,0.039975499999997055,49.39440793947195,7.431557160931419,0.7882570617520717,-0.41305147136277104,0.5061134958199109,0.6012658495463792,-0.46012708902530075,26.95030621025477,-1.6932748633433068,2.0025859228715905,-0.086832009255886,-0.4428064227104187,0.0509774461388587,7.826077938079834,-5.8314385414123535,12.869247436523438,-0.4981554302584724,0.23299980559593336,-0.046519277792138644
0.3193979999999783,386.654065,0.04084100000000035,49.122565480325164,8.484838853295276,0.8719611235977114,-0.40621436196686134,0.5032559812597945,0.6053345065190106,-0.46399716924651047,27.009423514815307,-1.7323441183956652,2.1077915404239285,-0.0957225114107132,-0.4481669962406158,0.0523779094219207,7.735586166381836,-5.562708854675293,11.919748306274414,0.4373544262075523,-0.10203579340148884,-0.04007945707900231
0.36065099999996164,386.695318,0.04035500000000525,48.81988738469411,9.537340154755437,0.9503170873987736,-0.3995936672354186,0.5000965122357077,0.609110269652392,-0.4682019840166247,27.065575914132395,-1.7658288269666111,2.180502163774438,-0.0511080250144004,-0.4511409103870392,0.0477036759257316,7.539702415466309,-5.241875648498535,10.803010940551758,1.0970086570107234,0.19720748017050588,-0.04832353708306522
0.4001079999999888,386.734775,0.03912700000000768,48.489431765638216,10.58843074980927,1.0229626260818048,-0.3936633493850906,0.4965291991190912,0.6122678976124196,-0.4728805542371771,27.125117646036827,-1.7898141927359061,2.2304090162856216,-0.0071829427033662,-0.4322503805160522,0.048477716743946,7.57257080078125,-5.661992073059082,9.73836898803711,-0.565956876130778,0.42247478816973083,-0.3240028559105263
0.438904999999977,386.773572,0.03940799999998035,48.14097115150869,11.635188214566636,1.087986425774882,-0.38719599347965494,0.49352541498923924,0.6162751105987696,-0.4761479813000088,27.186198405720006,-1.7832089125338686,2.324216159271721,-0.095396414399147,-0.4180805683135986,0.0223491564393043,7.529321193695068,-4.749705314636231,10.83776569366455,-0.04801524661626049,0.5031259404516767,-0.5509304531205689
0.4789239999999495,386.813591,0.040155499999997346,47.77388151756568,12.677296993294835,1.1444956077702013,-0.38192503751045015,0.4898200635661917,0.6195098830128458,-0.48001783701524414,27.246050403019265,-1.744675657506713,2.432183115266824,-0.0109673123806715,-0.3925960063934326,0.0050555821508169,7.45648717880249,-5.0178093910217285,10.286197662353516,1.1526217306083018,0.613863791668514,-0.4202269605961417
0.5192159999999717,386.853883,0.040692000000007056,47.388865628810684,13.714779949803773,1.1930715254781132,-0.3772739657400881,0.4860506324228171,0.6225108773043958,-0.4836314560633477,27.310942488508694,-1.6870225033798802,2.537105976431981,-0.0028282105922698,-0.3687805533409118,-0.0113996909931302,7.524411201477051,-4.93173360824585,9.262974739074709,-0.1672775684471535,0.2863592165450838,-0.30423897583752585
0.5603079999999636,386.894975,0.04050050000000738,46.978812753093024,14.750182097905046,1.2360029028491155,-0.3725534374350282,0.48234497157334966,0.62570635384163,-0.4868663786658185,27.38414867130424,-1.624823759776536,2.628619637949887,-0.024581030011177,-0.3692909479141235,-0.0197046026587486,7.654189109802246,-5.048723220825195,8.71014404296875,-0.37099790844495156,-0.3286809727352666,-0.4183228027547404
0.6002169999999865,386.934884,0.03953799999999319,46.545414461327965,15.78321898774371,1.2731641851956832,-0.3676354860400226,0.47808392854063786,0.6293614893373447,-0.49008580651577255,27.468184194545064,-1.5347673316862878,2.6813122387864397,-0.0328794121742248,-0.395404040813446,-0.0452842563390731,7.685092926025391,-5.206491470336914,8.379023551940918,-1.0511716213905435,-0.9153589830154597,-0.6871455209535834
0.63938399999995,386.974051,0.03936999999999102,46.09622255218167,16.811247571565687,1.3027531078657537,-0.36172227628759157,0.47353151981701935,0.6342820802634348,-0.4925557812617869,27.560426009692687,-1.4409847921978418,2.693094881054975,-0.1077034771442413,-0.4416738748550415,-0.0740413218736648,7.67130708694458,-5.634879112243652,8.446916580200195,-1.0201335142555563,-1.293595654122374,-0.5879272641281884
0.6789569999999685,387.013624,0.039943000000022266,45.63092611161872,17.834157156068787,1.3257003732463328,-0.35514988704265743,0.46842566285222836,0.6399168048194621,-0.49492668295543524,27.65916077541384,-1.3495524497304388,2.6408463523120593,-0.113204725086689,-0.4972617626190185,-0.0915776491165161,7.680959224700928,-5.853424072265625,8.18669319152832,1.0906823757835182,-1.751342879970705,-0.1722019007855447
0.7192699999999945,387.053937,0.04070649999999887,45.148244234828866,18.851358431905766,1.3423147612608757,-0.34827745447749014,0.46199139826567603,0.6452744367110229,-0.4988863322635808,27.7643198431221,-1.2639716300127493,2.5750954824663896,-0.0205732248723506,-0.5815816521644592,-0.0877978429198265,7.620511054992676,-6.663492202758789,10.256545066833496,0.8470298796949149,-1.3984194254393254,0.17575510826803462
0.7603699999999662,387.095037,0.04039549999998826,44.63755514149458,19.863518749008918,1.3543457908579892,-0.3406422921719975,0.4551387213921432,0.6507902137720767,-0.5032729252439971,27.871196294760505,-1.2000902598279346,2.5379588913328988,-0.0442454814910888,-0.6111112833023071,-0.077268898487091,7.516836643218994,-6.548834800720215,12.010950088500977,-0.18683273109014853,-0.5378103541298936,0.3230327584021992
0.800060999999971,387.134728,0.039274000000006026,44.097722909089924,20.86884250362857,1.3609564050421588,-0.3326668148426362,0.44812035642368075,0.6560774440464031,-0.5080189986413388,27.980093829965927,-1.158374462618168,2.525331392153749,-0.0356676280498504,-0.6250318884849548,-0.061699703335762,7.469557762145996,-6.722503185272217,13.000245094299316,-0.9230205858165755,-0.06985265526185507,0.28772740704754957
0.8389179999999783,387.173585,0.039414999999991096,43.53471178609065,21.863969469165074,1.3603278256678584,-0.3240940495280926,0.4416134835858945,0.6617101119558843,-0.5119377871136865,28.092940134516216,-1.1408791750651304,2.5485799718327584,-0.1167469024658203,-0.6165980696678162,-0.0546684861183166,7.555656909942627,-6.884698867797852,13.607723236083984,-1.6132097671925703,0.1989818233290583,0.15919243383574572
0.8788909999999532,387.213558,0.040064499999999725,42.947380581599454,22.84823559205666,1.3522393596529314,-0.3150224655932672,0.4354967522619425,0.6677088913418397,-0.5150421796167299,28.212362772322663,-1.1336701280816222,2.58817744246074,-0.162836953997612,-0.6093461513519287,-0.049150563776493,7.66156530380249,-6.682497978210449,13.739445686340332,-0.5468829740450462,-0.03978750813995077,0.3863767942975067
0.9190469999999777,387.253714,0.04068950000001337,42.335384612617744,23.821094898151316,1.3360717050818955,-0.30546274090640063,0.4297104630258742,0.6736159543821506,-0.517960554342629,28.334913828861385,-1.1267119121343043,2.6364303465076917,-0.1605680882930755,-0.6197862029075623,-0.0237084999680519,7.567657470703125,-6.138004302978516,14.04017162322998,1.2972999935110496,-0.0537371260138294,0.22219592611816272
0.96026999999998,387.294937,0.04050799999998844,41.69079420869091,24.783862209294714,1.3125816420069398,-0.29660469981011395,0.4232908945459436,0.6785088313881433,-0.5219926841032827,28.461347671593252,-1.1005283162031088,2.6951778552606562,-0.0572639778256416,-0.6137192249298096,-0.0310684815049171,7.468648910522461,-5.94786262512207,13.56332778930664,1.8077943695877405,0.0803098575471354,-0.20307182038520036
1.0000629999999546,387.33473,0.03933349999999791,41.01542553475654,25.735914368130462,1.28168021463207,-0.28823481256645217,0.4164450111554108,0.6828791048607405,-0.5264697831237566,28.592591142216268,-1.0695947811566704,2.7302784698447713,-0.0141078196465969,-0.6132798194885254,-0.0401605665683746,7.333010673522949,-6.172613620758057,12.892822265625,0.7584857879983813,-0.06491827531691484,-0.2834353172285378
1.0389369999999758,387.373604,0.03942349999999806,40.31715201309014,26.674521138884565,1.241976034121672,-0.2801312846548589,0.40916065934460366,0.6869720285486418,-0.531209465275934,28.723094535512953,-1.038610023086827,2.7645721437722885,0.0024038236588239,-0.618826150894165,-0.0533654876053333,7.249301910400391,-6.738635540008545,12.952707290649414,-0.3409004661822888,-0.16544036563337705,-0.18858840966380758
1.0789099999999507,387.413577,0.040335999999996375,39.59576887860838,27.59908791717071,1.1944952885908755,-0.27176472965039644,0.4017786487324846,0.691249981034761,-0.5356223451565231,28.854618191684132,-1.0259967657633773,2.7801245907262366,-0.0409867987036705,-0.6263242959976196,-0.0550301969051361,7.080691337585449,-7.293965339660644,13.109407424926758,-1.1066980547287797,-0.3010539935723968,0.19847902660332015
1.1196089999999685,387.454276,0.04100250000001893,38.85069119948268,28.508774387275743,1.1397330267698322,-0.2625852261599013,0.394659416426889,0.6959955059041039,-0.5393360579032892,28.992545011018027,-1.0379192524530119,2.80706561695874,-0.0868757218122482,-0.6431127786636353,-0.0373537875711917,7.037155151367188,-7.148260593414307,13.55702304840088,-0.2641860220999597,-0.23013040442462218,0.19913742465357923
1.1609149999999886,387.495582,0.04048900000000799,38.0537508779919,29.42615247426,1.077343885628844,-0.253162470006239,0.3873814273772426,0.700495927758215,-0.5432771090778515,29.137451753218816,-1.0506462815249744,2.8362391063341263,-0.0626513734459877,-0.6451961398124695,-0.0386999323964118,7.0891852378845215,-7.086996078491211,13.491661071777344,-0.5661732796171349,0.2490215195049501,-0.085571129893984
1.2005869999999845,387.535254,0.0393269999999859,37.24436631928428,30.30603918062402,1.010798295283573,-0.24379330097685786,0.3803464997388721,0.7052704681682569,-0.5463469159088513,29.285905461840482,-1.0667937636431706,2.8435001604562595,-0.1327233016490936,-0.6229475140571594,-0.0442831665277481,7.008540630340576,-7.248763084411621,12.503725051879885,-0.43255018494396597,0.2288254853211417,-0.07011241303202863
1.2395689999999604,387.574236,0.03916499999999701,36.41325317351662,31.16929478881249,0.9364993224393743,-0.2343833317873627,0.3732568620170045,0.7098809750360264,-0.5493749153034048,29.432763427776997,-1.0852470353597035,2.8555802528312038,-0.0966731756925582,-0.6271981000900269,-0.044214554131031,6.998072624206543,-7.218777179718018,12.750555038452148,0.45232624138940636,-0.025022841041671073,-0.0362482683329595
1.2789169999999785,387.613584,0.0398619999999994,35.560043046105775,32.015233601510374,0.8549600309196883,-0.22514724382414264,0.36607325015996267,0.7142010960190757,-0.5524635355421819,29.58692045530633,-1.1221138775085358,2.8769308728862644,-0.0972925871610641,-0.6249075531959534,-0.0471224933862686,6.938662528991699,-7.636337757110596,12.62994384765625,0.2238658169401959,0.034060865067950516,0.09750986139914856
1.3192929999999592,387.65396,0.0408390000000054,34.68458725739727,32.84343012138654,0.7663685470051913,-0.21594274321581228,0.3588225637064711,0.7181366806276698,-0.5557830577379507,29.74629835037942,-1.1486811391440686,2.8883440381050463,-0.0788256973028183,-0.6244826316833496,-0.0364406779408454,6.891942024230957,-7.083830833435059,12.209457397460938,0.5318612895062228,-0.001521531922386359,0.14008360377673046
1.3605949999999893,387.695262,0.04037150000002043,33.779099581247024,33.65411973303163,0.6724963504435895,-0.20680578657682147,0.3514606573072368,0.7217417264022112,-0.5592813858131884,29.9108051595025,-1.1734582505006461,2.9066766170922014,-0.0538512207567691,-0.6250318288803101,-0.0356807447969913,6.828980445861816,-7.528992176055908,12.293265342712402,0.7277449618481461,-0.022816347679883595,0.11499865450045947
1.400036,387.734703,0.039158499999985,32.84500680034244,34.44646927022003,0.5733134400029964,-0.19759513963017525,0.34393326289079396,0.7249270988252625,-0.5631578559867827,30.06770886281329,-1.2289458562878153,2.8966044461590377,-0.0200653858482837,-0.6263248920440674,-0.0271553415805101,6.292715072631836,-7.506377220153809,11.787124633789062,-0.4872435882893219,-0.187133180109915,0.1772944124014418
1.4389119999999593,387.773579,0.03944649999999683,31.891341529242386,35.21933622727125,0.466898076889958,-0.18786310147602517,0.3365395213283784,0.7285971862703517,-0.566210921435176,30.219318697579077,-1.259438160937835,2.8650451726519437,-0.0920106768608093,-0.6396875381469727,-0.0217955783009529,6.371392250061035,-6.737820625305176,11.941734313964844,-0.8682072995203606,-0.33700540045127486,-0.15603511550570887
1.4789289999999937,387.813596,0.04018750000000182,30.918296321826084,35.97215547161273,0.3520674795753802,-0.17803802845425457,0.32881887857776504,0.7320774521285502,-0.5694236208553536,30.37881995005337,-1.2617408784362585,2.8396750511257984,-0.088560864329338,-0.6529122591018677,-0.039465419948101,6.135313987731934,-7.022839546203613,12.388243675231934,0.25376913892350317,-0.5626433744771415,-0.615876069521245
1.519286999999963,387.853954,0.04068399999999883,29.9252012013066,36.70401070554677,0.22902583260477272,-0.16833386238506054,0.32041213382491335,0.7358304860519413,-0.5723227697340262,30.540185573721082,-1.2371018609518387,2.8032697337922095,-0.0716139823198318,-0.684909999370575,-0.0712966173887252,6.026049613952637,-6.754169464111328,12.581210136413574,0.3735085163844641,-0.565647844508308,-0.5477701320478171
1.5602969999999914,387.894964,0.040459499999997206,28.9041392801167,37.413682859811026,0.10030853561301889,-0.15862214094810853,0.31135976939003207,0.7394335087305939,-0.5754409283678061,30.702250193969554,-1.2267206379245952,2.7757482690439765,-0.0581692233681678,-0.6989378929138184,-0.0840363800525665,5.855560302734375,-6.96101188659668,12.875555992126465,-0.37452575856042447,-0.46159624191591153,-0.19160953468647754
1.6002059999999574,387.934873,0.03943799999998987,27.856247011479375,38.10063339578634,-0.03473272803480043,-0.14833412717243763,0.30190444649018283,0.743316933866609,-0.5782133726542407,30.886423728979707,-1.1768422502507754,2.6775252359204775,-0.1019202321767807,-0.722261905670166,-0.0868014693260192,6.039102077484131,-6.761126518249512,12.152263641357422,-0.20003509141233783,-0.9695102479435076,-0.4275892323006055
1.6391729999999711,387.97384,0.03952950000001465,26.78986733463801,38.76443618608777,-0.17795922471614745,-0.13763191848445722,0.29156825432732975,0.7471894076064933,-0.5811655798810038,31.076196369510278,-1.1256401808381646,2.537533198162098,-0.0739471912384033,-0.7754089832305908,-0.1177629083395004,5.984515190124512,-7.85924482345581,12.878324508666992,1.1205687377444145,-1.2616772602752961,-0.39587058238587125
1.6792649999999867,388.013932,0.04011299999999096,25.70429276588444,39.40336481277447,-0.3290040252356565,-0.12663082442062812,0.280259158915662,0.7502906579547034,-0.5852209125174659,31.259694945076127,-1.0619173359463954,2.386041809222529,-0.0133291883394122,-0.8220088481903076,-0.1180986016988754,5.504238128662109,-7.409789562225342,14.653614044189451,-0.04948776934964835,-0.5084092094052217,0.05332311047960462
1.719398999999953,388.054066,0.04056499999998664,24.59867943277714,40.01394408668746,-0.4881682980609092,-0.11534270774272903,0.2689637457171483,0.753421453275471,-0.5888214162547162,31.437510122646422,-1.0225062946038133,2.3110954606351024,-0.0779173970222473,-0.816196620464325,-0.1134850084781646,5.611881256103516,-7.513464450836182,16.531709671020508,-0.14176202390857745,-0.14257066628653475,0.07293597699448352
1.76039499999996,388.095062,0.040316500000017186,23.46436654835693,40.593319682047415,-0.654820373615836,-0.10379841750418031,0.2573871767799539,0.756434435885802,-0.5922708139451617,31.630187093715158,-0.9921237057157288,2.265486929154932,-0.0248303413391113,-0.8335756063461304,-0.1121813058853149,5.47923755645752,-8.318222999572754,17.241748809814453,0.10603030068292711,-0.32134305234319155,0.13490593210281113
1.8000319999999874,388.134699,0.03926400000000285,22.302536931999693,41.13970405131167,-0.8285969306623606,-0.09184454393802738,0.2458804211359188,0.7593777657620491,-0.5953595530034601,31.829880836442197,-0.9772515357195264,2.2067735481640334,-0.0693678557872772,-0.8421074748039246,-0.102607138454914,5.345478057861328,-8.194080352783203,17.00754165649414,-0.9961113540155921,-0.09338880760841967,0.18751244542674114
1.8389229999999657,388.17359,0.039440999999982296,21.121950999378292,41.65322742280735,-1.0106424192904413,-0.079668619166505,0.23446939094059133,0.7624012090958459,-0.597847330353057,32.02218890366851,-0.9727834023447599,2.094626352873105,-0.1030529737472534,-0.8409092426300049,-0.0974563285708427,5.19963264465332,-8.153799057006836,16.541461944580078,0.2852947944948175,-0.24108968809080647,0.09109227825552885
1.878913999999952,388.213581,0.04024350000000254,19.923317338968815,42.13354232886244,-1.2007388469465106,-0.06739925081563859,0.22286230110964206,0.764801289382088,-0.6007235164773286,32.21471661188244,-0.9776254553248691,1.9971600192927537,-0.0468632318079471,-0.861125111579895,-0.0954215973615646,5.102288246154785,-7.870384216308594,17.328773498535156,0.01816689395663913,-0.08124277410921753,-0.059503096861874535
1.9194099999999708,388.254077,0.040694500000000744,18.70678326528391,42.578821030603265,-1.398784809672005,-0.055213610162834374,0.21124064573781515,0.7672768248406772,-0.6030050953041814,32.41914012594749,-0.9687238964518077,1.9261262253072648,-0.1015907749533653,-0.8474482297897339,-0.1022455543279647,5.06821346282959,-8.1566162109375,17.36582374572754,0.09028257447377251,0.11356512391065661,-0.07748360316833473
1.9603029999999535,388.29497,0.04030449999999064,17.464623176851738,42.986672860943976,-1.6043749255332997,-0.04312215947244588,0.19936589704019725,0.7693270948614421,-0.6054168831242402,32.62830740881255,-0.9693537655138673,1.8649861806192125,-0.0395152233541011,-0.8518821597099304,-0.1017279103398323,4.980097770690918,-8.144923210144043,17.93141746520996,0.4709467731238846,-0.1161990734597934,-0.0641643346612425
2.000018999999952,388.334686,0.03930800000000545,16.198769331929867,43.355537237946535,-1.8177181058802354,-0.03082561700546288,0.18740687977692683,0.7712018437588897,-0.607598744028736,32.83524196860304,-0.970028365773361,1.8005434139931658,-0.0636282265186309,-0.8568149209022522,-0.1074177771806716,4.571530342102051,-8.471455574035645,17.880905151367188,-0.6671012804279718,-0.15710209179494955,-0.33334079173420106
2.0389189999999644,388.373586,0.03946600000000444,14.918146054767499,43.686808374710786,-2.038611704016315,-0.018664848103637457,0.17506937569304482,0.7731545391028655,-0.6092902165636322,33.05754055828656,-0.9334089477015528,1.7017609380897576,-0.0919600576162338,-0.8642328977584839,-0.1279338300228119,5.019806861877441,-7.768699169158935,17.978036880493164,1.1158232024334753,-0.2941478496689017,-0.4120237522345162
2.078950999999961,388.413618,0.0404735000000187,13.623275681607025,43.97870040475789,-2.267255138614839,-0.006778005578669782,0.16223519630569044,0.7737254920009086,-0.6123583925660905,33.27622361592829,-0.8997310419267333,1.6608751032791806,0.0244459304958581,-0.8800325989723206,-0.1399396359920501,4.584723472595215,-8.879680633544922,20.281917572021484,1.4981669104405877,0.10503250442144323,0.06625196871213146
2.119866000000002,388.454533,0.04101300000002084,12.314153228724964,44.22779821908547,-2.5031680700291066,0.004964680729273696,0.14972908331068002,0.773862660516563,-0.6153805072126404,33.50609155674585,-0.8938483659494896,1.6767880792946497,0.0293120592832565,-0.8557308316230774,-0.1225709319114685,4.694568634033203,-9.441875457763672,20.339054107666016,-0.355177393258184,0.25231077912113437,0.46271442672298185
2.1609770000000026,388.495644,0.04037149999999201,10.983470484994907,44.430902614737136,-2.745179738827673,0.016965354934698598,0.1376031527015837,0.7740409837153845,-0.6177687805783985,33.741105143431916,-0.9192953590682293,1.6696658704585263,-0.0046878503635525,-0.8593365550041199,-0.1019850224256515,4.531164169311523,-9.386204719543455,19.70689392089844,-1.0181992621192495,-0.06558260464054502,0.3693256945054656
2.200608999999986,388.535276,0.03925849999998832,9.633944964099236,44.58890413149123,-2.9932743589586543,0.02924943913651369,0.12543705836943841,0.774353103827238,-0.6195057945286673,33.977569170978725,-0.9573872403861152,1.6054289727924735,-0.0529004037380218,-0.8610261678695679,-0.0927504673600196,4.170806884765625,-9.346854209899902,18.83223533630371,0.13283211659826924,-0.27654362807078103,0.3852029023285237
2.2394939999999792,388.574161,0.03918600000000083,8.27508313983602,44.704815401524755,-3.2474218973113054,0.0421495617296678,0.11322711710197819,0.7742224359531908,-0.6212750669712153,34.21472477807285,-0.9948980254997899,1.5121762945418902,0.0057417289353907,-0.8810499310493469,-0.0717400461435318,4.222501754760742,-8.52527141571045,20.298416137695312,1.3471775215890964,-0.5733764220882884,0.3908777910163917
2.2789809999999875,388.613648,0.03988300000000322,6.907644901746128,44.77560224465398,-3.5090119069216303,0.055379998514955855,0.10094974287841513,0.7729404161193639,-0.623943536897881,34.461434355441256,-1.0310381740256958,1.4852510799623624,0.0526805929839611,-0.9059628248214722,-0.0621165931224823,4.243996620178223,-8.624897956848145,22.361133575439453,0.10181907694701431,-0.529558193575083,0.17488595416114477
2.3192599999999857,388.653927,0.04082399999998643,5.53228516906702,44.79801141863511,-3.778308552935137,0.06879633889485144,0.08863448646754901,0.7716856285138047,-0.6260289481040201,34.718963452681514,-1.0763692675143517,1.4737656946712119,0.0138634294271469,-0.9232906699180604,-0.0577900931239128,4.0760884284973145,-8.188652992248535,22.531400680541992,-0.9718311599428153,-0.4815487050553851,-0.0017749971644259452
2.3606289999999603,388.695296,0.040372999999988224,4.142876316770096,44.76657006195687,-4.054888503466785,0.08257404718212125,0.0758677684759575,0.7705129661520227,-0.627483346012546,34.977232774127884,-1.1218784871005312,1.3821520678024344,-0.0266674775630235,-0.9452803134918212,-0.0622615180909633,3.7974295616149902,-8.496277809143066,21.83190155029297,-0.9989941757638178,-0.47815258530788435,-0.1585707882281232
2.400005999999962,388.734673,0.03915150000000267,2.7422806063125584,44.68320638321294,-4.338090464737993,0.09668429715097536,0.06252643526044793,0.7697378936251973,-0.6278903898090056,35.23383990788817,-1.1405136497235482,1.2096224668747961,-0.0668013542890548,-0.9618995785713196,-0.0705940499901771,3.6473870277404794,-7.972184181213379,21.44118881225586,0.24535780826301407,-0.4806766768453801,-0.16042669154387107
2.4389319999999657,388.773599,0.03946250000001328,1.3396749172143494,44.55283037350048,-4.628530169744735,0.11099399734446956,0.04897504464582991,0.7681617916467474,-0.6286568561105432,35.498066319409645,-1.144713741608136,1.058952982195906,-0.0074552251026034,-0.9829187393188475,-0.0748234093189239,3.729691982269287,-7.831871032714844,23.46312713623047,1.3039328835222868,-0.2113806887974252,-0.030599536871575413
2.4789309999999887,388.813598,0.04016150000001062,-0.06361114733298123,44.37175480948389,-4.926663598947393,0.12516810617859148,0.035458684497614246,0.7656457489275038,-0.6299701609091621,35.773317392608995,-1.1510081035489144,0.9897789294648827,0.0361115485429763,-0.978582799434662,-0.073009118437767,3.7615833282470703,-8.127116203308105,25.08665657043457,-0.00986198058363844,0.1029818780752334,0.1988314273871167
2.519254999999987,388.853922,0.040654999999986785,-1.4662305137142937,44.137447287957954,-5.231771000801629,0.13939807522611852,0.02210958805825458,0.7630148574198687,-0.6307835390373888,36.04803856971512,-1.1878768167368463,0.9208722183212039,-0.0082473689690232,-0.9746469259262084,-0.0588526725769043,3.4971539974212646,-8.541227340698242,25.00126266479492,-0.8459690311801962,0.17435256588319537,0.2680967404180271
2.5602409999999622,388.894908,0.040487499999983356,-2.8732390660080434,43.84514425146385,-5.543642026186866,0.15348454437347014,0.009006333600246996,0.7606235292770507,-0.6307244594587352,36.31929693595542,-1.2365370237532716,0.8234010884166612,-0.0326741933822631,-0.964406192302704,-0.0512101724743843,3.1921937465667725,-7.992946147918701,24.59879302978516,-0.49063730576648146,0.26447017018398694,0.13486351375049566
2.6002299999999536,388.934897,0.03960050000000592,-4.281701749325611,43.496244810494886,-5.862057346613593,0.16755191432043182,-0.004019235971420676,0.7581074024410168,-0.6302248464885092,36.58877004533089,-1.2860400609606266,0.7281741518171811,-0.0479767248034477,-0.9532314538955688,-0.0479320995509624,3.012561082839966,-8.076170921325684,25.173627853393555,-0.24526107958609608,0.6409969638809984,0.09112801073601619
2.639441999999974,388.974109,0.039388999999999896,-5.682901096782048,43.095950036516726,-6.186477969954963,0.1811303234812386,-0.016683379943522925,0.7557071074647325,-0.6291424828366474,36.857634262443995,-1.3249704890087735,0.6794311030572819,-0.0520991161465644,-0.9136385917663574,-0.04399274289608,2.776899814605713,-7.800881862640381,25.265981674194336,0.47774865509090486,1.1624267638847954,0.0927693658198408
2.6790079999999534,389.013675,0.03991450000000896,-7.07537502180427,42.644222223921886,-6.516887769790129,0.19381271036032577,-0.028474402820813816,0.7527152347190491,-0.628526585662654,37.12580452083225,-1.3703803892831559,0.6846011608257685,-0.0103406412526965,-0.8616577982902527,-0.040623914450407,2.422085285186768,-7.95719051361084,24.139802932739254,0.4244305149650678,0.8522055266719266,0.11801772304634017
2.719270999999992,389.053938,0.040607500000021446,-8.45840568287381,42.14337174657996,-6.852209187717895,0.20612141049625576,-0.03977937223322253,0.7494947940301508,-0.6278448546825606,37.38378531017577,-1.4242859935157348,0.624226750259786,-0.0182172525674104,-0.8456078767776489,-0.0345715060830116,1.9883564710617063,-7.718780040740967,22.2609920501709,-0.3737718291647044,0.23109780914965172,-0.0474633588099595
2.7602229999999963,389.09489,0.04035149999998566,-9.83662261686843,41.58958188927812,-7.191905544863973,0.2183284853918694,-0.05128071629990383,0.7461867780649056,-0.6268239313626396,37.626103842899404,-1.456760323498532,0.49028974592585506,-0.040696520358324,-0.8428891897201538,-0.0444786511361599,1.548420548439026,-7.46531867980957,21.52895736694336,-0.8389253999312981,0.11148091510464553,-0.3501074010685444
2.7999739999999633,389.134641,0.03933849999998529,-11.241131386353011,40.96971684630566,-7.544787068124638,0.23037553641189776,-0.06341733968283719,0.7434140985835095,-0.6246925666203618,37.87039498378341,-1.4537134324360181,0.3862678193832565,-0.0859210491180419,-0.8366110324859619,-0.0628262236714363,1.2581045627593994,-7.2131428718566895,22.2766170501709,-0.3594707455250895,0.2905269039862107,-0.49145768089290476
2.838899999999967,389.173567,0.039476000000007616,-12.596930177080683,40.319890777640666,-7.893581010231392,0.24147364802361665,-0.07527381202499878,0.7404033649040542,-0.6227577261517515,38.10073552291491,-1.416777532466682,0.3099769884254684,-0.0689786002039909,-0.8200314044952393,-0.0831450670957565,0.7774421572685242,-7.506588935852051,21.45262908935547,0.2870385435313307,0.11117513424500812,-0.3980522132991721
2.8789259999999786,389.213593,0.04018999999999551,-13.937071047303029,39.627187749722,-8.245871664738893,0.2524202064636994,-0.08722639794653986,0.7369070444453015,-0.6210021182185697,38.31671567351001,-1.3780504162932115,0.1768615333162291,-0.0632587820291519,-0.8278335332870483,-0.0942532420158386,0.2663998603820801,-7.749232292175293,21.242027282714844,0.11219505640547525,-0.12334854218996187,-0.4119650141224559
2.919279999999958,389.253947,0.04072349999998437,-15.260536912821161,38.89320625384771,-8.600991708369161,0.26334149948678387,-0.09969421829358655,0.7333001005514552,-0.6188564057071066,38.51123419664101,-1.2904042728795382,0.005288111531090323,-0.0599603615701198,-0.8299461603164673,-0.1162588149309158,-0.0734455361962318,-7.089459419250488,22.292774200439453,1.042344591141627,0.05064934822530441,-0.3857232179909814
2.9603729999999473,389.29504,0.040375500000010334,-16.568799753774314,38.10949281439485,-8.960392512074101,0.27368976217468033,-0.11172903447285643,0.7287340770184454,-0.6177031809645805,38.70877300644098,-1.1912551064584296,0.002792403620174966,0.0216370578855276,-0.8237082958221436,-0.125669240951538,-0.4004482924938202,-7.850552558898926,24.15074348449707,-0.319316258195792,0.18645725882550088,-0.05925624794643253
3.0000309999999786,389.334698,0.03927350000000729,-17.85929484814106,37.27621447630645,-9.322363731576697,0.28406325053862763,-0.12394825253972286,0.7244372322732267,-0.6157399594811905,38.890549447154314,-1.1402950174024902,-0.11450962670149067,-0.0857454687356948,-0.8148895502090454,-0.1210438162088394,-0.8347632884979248,-8.558842658996582,22.510231018066406,-0.6207019818758762,0.3050273216944689,0.1663010338967953
3.038919999999962,389.373587,0.03945150000001263,-19.127882621176994,36.40355544159675,-9.68494048692678,0.29431496544129676,-0.13594617717275498,0.7201859268615447,-0.6133755015399471,39.071388127542996,-1.071502440249306,-0.2347006318781908,-0.0271172206848859,-0.7997493147850037,-0.112606793642044,-0.777837336063385,-8.230683326721191,22.51390838623047,1.2888152236760775,-0.013079284940253006,0.11815482224879302
3.078934000000004,389.413601,0.04046600000000922,-20.37342001877498,35.49094276819959,-10.048175632465007,0.30440665473672657,-0.14739010036741995,0.7150858569520141,-0.6117719692392727,39.25714556563345,-1.0214276001513625,-0.3499467295231877,0.0159459188580513,-0.8159215450286865,-0.1117210462689399,-1.041879177093506,-8.375267028808594,21.449689865112305,0.45909643668856864,-0.08769686503821476,-0.07783330603935118
3.1198519999999803,389.454519,0.04096399999997402,-21.5960769336143,34.54065530518935,-10.411067980927116,0.31484223394688,-0.1591242964959656,0.7095506352327734,-0.609993183566203,39.420784365026385,-0.952676685983116,-0.5480762122488425,0.0100383721292018,-0.8068467974662781,-0.1189059987664222,-1.1093432903289795,-8.121566772460938,22.901750564575195,-0.38094840054074663,0.224619617849693,-0.1734141549577692
3.160861999999952,389.495529,0.040504999999996016,-22.79595769348454,33.545750626096876,-10.774465192147941,0.3243974362101669,-0.17062005256465784,0.7042052368089673,-0.6080709766379392,39.59758416067214,-0.8877039534004361,-0.5909925710810935,-0.0152644217014312,-0.7975189089775085,-0.125928521156311,-1.3731385469436646,-9.011075973510742,23.201101303100582,-0.45007342373118,-0.002163896559491928,0.03785660142973098
3.2008619999999723,389.535529,0.03920400000001223,-23.971900959836702,32.50821822327788,-11.137249355636314,0.3342857390260957,-0.18239733109025996,0.6988538515216891,-0.6054647799846014,39.74024652187282,-0.829905167977385,-0.8026377283680475,-0.0264220759272575,-0.8070220947265625,-0.1158392354846,-2.0005786418914795,-8.250438690185547,22.201515197753903,0.6759269570659991,0.13448902325119527,0.16004418781876067
3.2392699999999763,389.573937,0.039052499999996826,-25.12036179351184,31.43595378985316,-11.498533435632714,0.34404872413071114,-0.19351863564307714,0.69291595465265,-0.6033643440710997,39.88632912615749,-0.7720910566686143,-0.8923635119937092,0.0377336591482162,-0.7869738936424255,-0.1133797764778137,-2.011601686477661,-8.859114646911621,23.45127868652344,0.32076130564916244,-0.0679205248614013,0.18743735774289338
3.278966999999966,389.613634,0.04001099999999269,-26.23947085919684,30.327870909306696,-11.857166278061976,0.3541523807841979,-0.2046636694461028,0.6865684511881213,-0.6010928017841073,40.01024612958071,-0.7605504479435403,-1.0740135695527968,-0.0013690141495317,-0.8123270273208618,-0.1011994406580925,-2.553774356842041,-8.884509086608887,23.433910369873047,-0.601323162575283,0.10024681614733683,0.2802516776737522
3.3192919999999617,389.653959,0.04085399999999595,-27.32832904752643,29.185733870543157,-12.213077940981563,0.3637135029251802,-0.21560617153182188,0.6808039503136973,-0.5981073665988528,40.13146671637911,-0.7229940215150243,-1.1452985053133204,-0.0103854229673743,-0.7789519429206848,-0.0909534767270088,-2.500838041305542,-8.188214302062988,24.580570220947266,1.389483400036751,0.17390888669964427,0.5252227101807626
3.360674999999958,389.695342,0.0403790000000015,-28.38619729440716,28.003808699293604,-12.565972405104644,0.37421852084587526,-0.22530924217113335,0.6734449965242231,-0.596379078640254,40.2385598947985,-0.7496720943322952,-1.3104263663686506,0.1121628955006599,-0.7981172800064087,-0.058284543454647,-3.126162052154541,-8.119991302490234,23.374832153320312,0.3696005382629869,0.16048483072835457,0.3568278524354087
3.4000499999999647,389.734717,0.03913650000001212,-29.412539717492564,26.78500975455032,-12.915742943322524,0.3839860234596143,-0.23509979123491798,0.6669549839216921,-0.5936783858762662,40.35241801372369,-0.7505722393999736,-1.3486148661855886,0.0194627773016691,-0.7659915089607239,-0.062136773020029,-2.7660491466522217,-8.094330787658691,25.41985511779785,-1.4937690674797859,0.08928398541799644,-0.2873627435841393
3.438947999999982,389.773615,0.03943000000001007,-30.4041242409522,25.534501744143547,-13.262742104889591,0.39366465773256043,-0.24559837191699257,0.6604255562321275,-0.5903792756781379,40.446565197069425,-0.7365801576774729,-1.4990656756084455,-0.0047588907182216,-0.7911287546157837,-0.0807772874832153,-3.287317514419556,-7.633825302124023,24.964496612548828,-0.9839209479225562,-0.017365162486865964,-0.6297101568303402
3.478909999999985,389.813577,0.040051500000004125,-31.360649228862766,24.253985481073798,-13.606491204976322,0.402095927686328,-0.25652739619084697,0.6545930542012686,-0.5865324929852784,40.55799989339703,-0.6651930103778376,-1.5196905899709083,-0.0581292286515235,-0.7673609256744385,-0.1117957159876823,-3.3239595890045166,-9.069580078125,25.313627243041992,-1.8235388325879276,0.21420556409596997,-0.5121992099966638
3.5190509999999904,389.853718,0.04066299999999501,-32.28173790743813,22.944264165121204,-13.946131846007109,0.4104194733367158,-0.2683854563057147,0.6489909566949049,-0.5816664859141722,40.63031038376606,-0.5893290655720484,-1.728182282844445,-0.1508298218250274,-0.7739702463150024,-0.1218059808015823,-3.6562020778656006,-8.575663566589355,24.21832656860352,0.33999105189254847,-0.15183038408769906,-0.14074713470306432
3.560235999999975,389.894903,0.0405824999999993,-33.16711245182023,21.602084898744344,-14.28102221199952,0.4182739647546682,-0.2794207998870253,0.6429619480451363,-0.5775559321908852,40.723162068446435,-0.5093568883902932,-1.802700244020846,-0.0304791163653135,-0.7797086834907532,-0.1232421174645423,-3.788045883178711,-8.677921295166016,23.98303604125977,1.2862136526571541,0.03981941296933483,-0.050892702409449694
3.600215999999989,389.934883,0.03960699999998951,-34.015931641726134,20.229190899910424,-14.610164964243065,0.42692119075976714,-0.29064538631655773,0.6358820406029368,-0.573513547114705,40.77809885645183,-0.44627267688548145,-1.9976223914006894,-0.0464342907071113,-0.7707383036613464,-0.1259366869926452,-3.950998306274414,-9.33920955657959,25.779571533203125,-0.20630870146207522,-0.00719568785804544,-0.03320612804354908
3.639449999999954,389.974117,0.03940049999999928,-34.82669062881938,18.831532184651586,-14.934007426228426,0.4348551019394349,-0.3013958461608032,0.6291427033589748,-0.5694216697623639,40.84362639544278,-0.37168324531705466,-2.109083054267767,-0.046821653842926,-0.7802786827087402,-0.1258725076913833,-4.443906784057617,-8.926359176635742,24.477436065673828,0.2054186225069085,0.4006916780075282,-0.11668633562065157
3.6790169999999875,390.013684,0.0399915000000135,-35.600000063903686,17.411346277574772,-15.252456570427256,0.44240708198890477,-0.3120081003171898,0.6223241432272291,-0.5653668887996266,40.89774464524022,-0.27937487265226224,-2.200184963725073,-0.0302470978349447,-0.7391633987426758,-0.135131686925888,-4.305311679840088,-9.32784938812256,24.86050033569336,-0.08186025364818891,0.34774480851430667,-0.10184556070301998
3.719432999999981,390.0541,0.04061949999999115,-36.33521862464734,15.969311507489412,-15.564744920157686,0.4503704936993602,-0.3228503004413869,0.6148371344933017,-0.5611679621031833,40.923090078735534,-0.19466549441198566,-2.4064148790711,-0.0533690825104713,-0.752465009689331,-0.1340184211730957,-4.547843456268311,-8.972602844238281,25.326980590820312,-0.1269097162092449,-0.23257029658330747,0.05751379756595152
3.76025599999997,390.094923,0.04030699999998433,-37.02987621982624,14.501243002706445,-15.870291327865631,0.457473766218887,-0.3330721830763721,0.6078866090775872,-0.557005041961389,40.97109323942663,-0.12741531192859057,-2.4684673407461144,-0.0405571162700653,-0.758057177066803,-0.1304593235254287,-4.885141849517822,-9.658034324645996,24.641876220703125,-0.016440649632623497,0.45781578360966296,0.0910971973707354
3.8000469999999495,390.134714,0.039336999999989075,-37.68407952298771,13.009610539252709,-16.168393429171683,0.46449061043164797,-0.34356283758351375,0.6009981907569143,-0.5522809837765112,40.99190297597435,-0.05645630990493267,-2.5785079878982984,-0.0546944290399551,-0.715558648109436,-0.1266747117042541,-4.735107421875,-10.072487831115724,25.29910659790039,0.014737705641696403,0.5995701176176915,0.1067968953967361
3.838929999999948,390.173597,0.03944400000000314,-38.299220987049935,11.50093467026327,-16.45894696697468,0.47175832546740076,-0.3533825434978134,0.5935194729278946,-0.5479958978680901,40.99794128244306,-0.015731148477573065,-2.7302695700262625,-0.0393976420164108,-0.7108865976333618,-0.1220571845769882,-5.2303009033203125,-9.654655456542969,24.71862030029297,0.7685883693761353,0.6554637135628074,0.2220569197539752
3.878934999999956,390.213602,0.04018250000001444,-38.87575718745502,9.97692393495795,-16.741977303952076,0.4780892793318986,-0.36196031147919405,0.5866402336986982,-0.5443056111281821,41.01816808633509,0.008437848710689089,-2.7284605444020116,0.0059379702433943,-0.6638504266738892,-0.1091570854187011,-5.643590927124023,-9.680937767028809,23.941246032714844,0.36015921418747215,1.460148032819263,0.22555192286874257
3.919294999999977,390.253962,0.04073850000000334,-39.41435824331354,8.439221289454093,-17.01692631920475,0.48391977439148953,-0.3701616052818829,0.5802362583652177,-0.5404887382753092,41.02056133197159,0.013829296338915498,-2.7100034487072016,-0.0104534467682242,-0.5935418009757996,-0.1039307042956352,-5.595263957977295,-10.461748123168944,23.617218017578125,-1.0045401979049633,1.1940936896393184,0.17488074615483432
3.9604119999999625,390.295079,0.04035400000000777,-39.914417303458514,6.884754551819864,-17.28257764083441,0.48928915891609154,-0.3783293503164802,0.5743121619977796,-0.5363101522684093,41.000434010876404,0.01266093462396789,-2.776051107009458,-0.0759089514613151,-0.5665592551231384,-0.0949083268642425,-5.967897415161133,-9.993444442749023,21.25979995727539,-0.4562076615792723,0.2355198797068672,0.34906867400980046
4.000002999999992,390.33467,0.039256499999993366,-40.37898478272566,5.316388183673499,-17.539378861578413,0.4947009858984104,-0.38564122034748516,0.5683807836111242,-0.5324426487833029,40.98956480108579,-0.013281073913642416,-2.8468222335877407,-0.0472730547189712,-0.5745334625244141,-0.0757580697536468,-6.538557052612305,-9.94648551940918,19.785675048828125,0.1489507835131121,0.06802838528242305,0.3835669692029459
4.038924999999949,390.373592,0.03946199999998612,-40.81232390905896,3.74037246767827,-17.78844441772776,0.4995225198432034,-0.3929341172425672,0.5633154369121998,-0.5279732361731129,40.97253932198823,-0.06256575803541065,-2.9011069855196236,-0.0642143785953521,-0.5612181425094604,-0.0647933334112167,-6.80912971496582,-9.756593704223633,19.202896118164062,-0.1556366001603799,0.42341924053243957,0.37021169763808315
4.078926999999965,390.413594,0.04046100000002184,-41.21481755150049,2.1581005870161185,-18.03019642907478,0.5045254400688794,-0.4000721862078977,0.5581673028647053,-0.5233027179377461,40.935467053289315,-0.08879051861152831,-2.9815806216173755,-0.0595565177500247,-0.5411155223846436,-0.046539481729269,-6.745429039001465,-9.200494766235352,19.04330825805664,0.5231946307180291,0.40298284760333175,0.14474788962724813
4.119846999999993,390.454514,0.04103250000000003,-41.586690012768514,0.57013453732662,-18.265585316614814,0.5098295822449975,-0.40687286158949476,0.55249706304763,-0.5189173932666027,40.88562174086282,-0.11875769080036847,-3.087944307842566,-0.0218764226883649,-0.528607964515686,-0.0530800446867942,-6.927839279174805,-8.845651626586914,19.433351516723636,0.07560257973273134,0.05653888951313599,-0.2666762667121208
4.160991999999965,390.495659,0.0403609999999901,-41.92526491290758,-1.0259694785666618,-18.494303622628898,0.5149517561098692,-0.4137922679860949,0.5466141390504089,-0.51460048664152,40.833292761467355,-0.11854309172699651,-3.168133479822174,-0.0533521920442581,-0.536475658416748,-0.0684242695569992,-6.992990493774414,-9.010802268981934,20.152427673339844,-0.7744444124052703,-0.045905219903398936,-0.34387038754797966
4.200568999999973,390.535236,0.039203000000014754,-42.230405499217255,-2.6291426516502163,-18.716362775994938,0.5192842825899785,-0.4209958926274808,0.541261499770668,-0.5100415525384736,40.76874267241422,-0.10582677268327245,-3.2299610760991264,-0.0843911245465278,-0.5323135256767273,-0.0808379501104354,-7.189478397369385,-8.838921546936035,19.670316696166992,-0.1945667153361549,-0.2035996629470788,-0.20360089828044273
4.239397999999994,390.574065,0.03918150000001219,-42.50467237348877,-4.234956916092948,-18.93198290118879,0.5237162834244514,-0.42824120538024196,0.535525554254429,-0.5055126801702093,40.72086610674328,-0.07246436544629287,-3.3147366366352973,-0.0686073899269104,-0.5524390935897827,-0.0843878015875816,-7.365760803222656,-8.90408706665039,19.974937438964844,0.6712319648198489,-0.2490003564468551,-0.05812048052543393
4.2789319999999975,390.613599,0.039951500000000806,-42.74777337514761,-5.842865050443184,-19.141171740001276,0.5283663147045247,-0.43508859111422743,0.529418451201548,-0.5012416409037542,40.65890394742895,-0.03986106764081132,-3.3946007670903526,-0.0317913740873336,-0.5518259406089783,-0.0853924453258514,-7.339251518249512,-8.722006797790527,20.02566909790039,1.0457878687750837,0.06195442677409381,0.01564814943161061
4.319300999999996,390.653968,0.040911499999992884,-42.95965535278595,-7.452322241029105,-19.343999364002435,0.5331484007873257,-0.4413304308566306,0.5230132098236916,-0.49743081873322625,40.58337922617828,-0.026118512038453723,-3.453672890574369,0.0149541981518268,-0.5474887490272522,-0.0831374675035476,-7.3657546043396,-8.849432945251465,20.199033737182617,0.585223378326702,0.15237818204506806,0.04952041419491594
4.360754999999983,390.695422,0.04038399999998887,-43.139642610531084,-9.064602334396902,-19.540421940273095,0.5377819437676634,-0.4475879093843246,0.5166477258996267,-0.493488430550817,40.5150844156894,-0.009316969287607613,-3.522457787876238,0.0160933583974838,-0.5393579006195068,-0.0813405364751815,-7.374268531799316,-8.901358604431152,20.09885025024414,-0.860073814750331,0.26874633863127023,-0.03668862998651968
4.400068999999974,390.734736,0.03907399999999939,-43.29134645981689,-10.718585991329455,-19.734911393583445,0.5422538229268763,-0.45431012871905696,0.510231202038532,-0.4891088013460628,40.441373917793726,0.031657093222984045,-3.5916088831228556,-0.0545122437179088,-0.5257826447486877,-0.086100734770298,-7.55679178237915,-9.008255958557127,20.274433135986328,-0.7289457072216947,0.19384933334415716,-0.17964119398527695
4.438902999999982,390.77357,0.039418000000011943,-43.408005961623886,-12.331356790937283,-19.9177662766329,0.5462378086436658,-0.4609458420119459,0.504065212045842,-0.48484181785100167,40.350827530273925,0.07338353682789922,-3.6533875360187835,-0.0408722907304763,-0.5242089629173279,-0.0953791365027427,-7.686060905456543,-9.324397087097168,20.06014060974121,-0.2898764549653746,0.1187821163773461,0.05561832520591069
4.4789049999999975,390.813572,0.04019999999999868,-43.49430034363051,-13.942314277835655,-20.09322015978297,0.5499700738042291,-0.46758068635171046,0.4982140731915262,-0.48029582657161785,40.25517921823589,0.08473582549359371,-3.7048275794715195,-0.077364943921566,-0.5164183378219604,-0.0817160084843635,-7.824688911437988,-9.681208610534668,20.079553604125977,-0.5100244906411411,0.4327571510675677,0.37211378044751103
4.519302999999979,390.85397,0.040696499999995694,-43.55090470933463,-15.550721020356837,-20.261060990498123,0.5532987568452676,-0.4741351835157497,0.4930006083659641,-0.4754016966869675,40.156213734740604,0.06849167594275851,-3.74682557653259,-0.0818782597780227,-0.4894152879714966,-0.0654611885547638,-8.057821273803711,-9.942487716674805,19.42897224426269,-0.7879698632275232,1.203595237914376,0.6302068192569352
4.560297999999989,390.894965,0.04047599999998397,-43.57752272779301,-17.157384264755123,-20.421797852896763,0.555936856780564,-0.48013023419741274,0.4890567266993753,-0.47035389642746894,40.0550357002394,-0.0031203993216566417,-3.722676052815439,-0.141500174999237,-0.418454110622406,-0.0304215848445892,-8.289850234985352,-10.038055419921877,18.459583282470703,0.030512295936534903,1.7499701197369417,0.9135483974052041
